Company name,ASX code,GICS industry group
MOQ LIMITED,MOQ,Software & Services
1300 SMILES LIMITED,ONT,Health Care Equipment & Services
1414 DEGREES LIMITED,14D,Capital Goods
1ST GROUP LIMITED,1ST,Health Care Equipment & Services
29METALS LIMITED,29M,Materials
333D LIMITED,T3D,Commercial & Professional Services
360 CAPITAL ENHANCED INCOME FUND,TCF,Not Applic
360 CAPITAL GROUP,TGP,Real Estate
360 CAPITAL REIT,TOT,Diversified Financials
3D METALFORGE LIMITED,3MF,Commercial & Professional Services
3D OIL LIMITED,TDO,Energy
3D RESOURCES LIMITED,DDD,Materials
3P LEARNING LIMITED..,3PL,Consumer Services
4DMEDICAL LIMITED,4DX,Health Care Equipment & Services
4DS MEMORY LIMITED,4DS,Semiconductors & Semiconductor Equipment
5G NETWORKS LIMITED,5GN,Telecommunication Services
88 ENERGY LIMITED,88E,Energy
8COMMON LIMITED,8CO,Software & Services
8I HOLDINGS LTD,8IH,Diversified Financials
8IP EMERGING COMPANIES LIMITED,8EC,Not Applic
8VI HOLDINGS LIMITED,8VI,Consumer Services
9 SPOKES INTERNATIONAL LIMITED,9SP,Software & Services
92 ENERGY LIMITED,92E,Energy
99 LOYALTY LIMITED.,99L,Software & Services
A-CAP ENERGY LIMITED,ACB,Energy
A1 INVESTMENTS & RESOURCES LTD,AYI,Diversified Financials
A2B AUSTRALIA LIMITED,A2B,Transportation
ABACUS PROPERTY GROUP,ABP,Real Estate
ABILENE OIL AND GAS LIMITED,ABL,Energy
ABSOLUTE EQUITY PERFORMANCE FUND LIMITED,AEG,Not Applic
ACADEMIES AUSTRALASIA GROUP LIMITED,AKG,Consumer Services
ACCELERATE RESOURCES LIMITED,AX8,Materials
ACCENT GROUP LIMITED,AX1,Retailing
ACCENT RESOURCES NL,ACS,Materials
ACORN CAPITAL INVESTMENT FUND LIMITED,ACQ,Not Applic
ACROW FORMWORK AND CONSTRUCTION SERVICES LIMITED,ACF,Capital Goods
ACRUX LIMITED,ACR,"Pharmaceuticals, Biotechnology & Life Sciences"
ACTINOGEN MEDICAL LIMITED,ACW,"Pharmaceuticals, Biotechnology & Life Sciences"
ACTIVEX LIMITED,AIV,Materials
ACUMENTIS GROUP LIMITED,ACU,Real Estate
AD1 HOLDINGS LIMITED,AD1,Media & Entertainment
ADACEL TECHNOLOGIES LIMITED,ADA,Software & Services
ADAIRS LIMITED,ADH,Retailing
ADALTA LIMITED,1AD,"Pharmaceuticals, Biotechnology & Life Sciences"
ADAVALE RESOURCES LIMITED,ADD,Energy
ADBRI LIMITED,ABC,Materials
ADHERIUM LIMITED,ADR,Health Care Equipment & Services
ADMIRALTY RESOURCES NL.,ADY,Materials
ADORE BEAUTY GROUP LIMITED,ABY,Retailing
ADRIATIC METALS PLC,ADT,Materials
ADSLOT LTD.,ADS,Software & Services
ADVANCE NANOTEK LIMITED,ANO,Materials
ADVANCED BRAKING TECHNOLOGY LTD,ABV,Automobiles & Components
ADVANCED HUMAN IMAGING LTD,AHI,Software & Services
ADVANCED SHARE REGISTRY LIMITED,ASW,Diversified Financials
ADVERITAS LIMITED,AV1,Software & Services
ADX ENERGY LTD,ADX,Energy
AEERIS LTD,AER,Media & Entertainment
AEON METALS LIMITED.,AML,Materials
AERIS ENVIRONMENTAL LTD,AEI,Commercial & Professional Services
AERIS RESOURCES LIMITED,AIS,Materials
AERISON GROUP LTD,AE1,Capital Goods
AEROMETREX LIMITED,AMX,Commercial & Professional Services
AF LEGAL GROUP LTD,AFL,Commercial & Professional Services
AFG 2019-2 TRUST IN RESPECT OF SERIES 2019-2,AF1,Not Applic
AFG 2020-1NC TRUST IN RESPECT OF SERIES 2020-1NC,AF2,Not Applic
AFRICAN ENERGY RESOURCES LIMITED,AFR,Energy
AFRICAN GOLD LTD.,A1G,Materials
AFT PHARMACEUTICALS LIMITED,AFP,"Pharmaceuticals, Biotechnology & Life Sciences"
AFTERPAY LIMITED,APT,Software & Services
AGL ENERGY LIMITED.,AGL,Utilities
AGRICULTURAL LAND TRUST,AGJ,Real Estate
AGRIMIN LIMITED,AMN,Materials
AGUIA RESOURCES LIMITED,AGR,Materials
AI-MEDIA TECHNOLOGIES LIMITED,AIM,Commercial & Professional Services
AIC MINES LIMITED,A1M,Materials
AIMS PROPERTY SECURITIES FUND,APW,Real Estate
AINSWORTH GAME TECHNOLOGY LIMITED,AGI,Consumer Services
AIR NEW ZEALAND LIMITED,AIZ,Transportation
AIRTASKER LIMITED,ART,Media & Entertainment
AJ LUCAS GROUP LIMITED,AJL,Capital Goods
AKORA RESOURCES LIMITED,AKO,Materials
ALARA RESOURCES LIMITED,AUQ,Materials
ALBION RESOURCES LIMITED,ALB,Materials
ALCHEMY RESOURCES LIMITED,ALY,Materials
ALCIDION GROUP LIMITED,ALC,Health Care Equipment & Services
ALDERAN RESOURCES LIMITED,AL8,Materials
ALDORO RESOURCES LIMITED,ARN,Materials
ALE PROPERTY GROUP,LEP,Real Estate
ALEXIUM INTERNATIONAL GROUP LIMITED,AJX,Materials
ALICANTO MINERALS LIMITED,AQI,Materials
ALICE QUEEN LIMITED,AQX,Materials
ALKANE RESOURCES LIMITED,ALK,Materials
ALLEGIANCE COAL LIMITED,AHQ,Materials
ALLEGRA ORTHOPAEDICS LIMITED,AMT,Health Care Equipment & Services
ALLIANCE AVIATION SERVICES LIMITED,AQZ,Transportation
ALLIANCE RESOURCES LIMITED,AGS,Materials
ALLIGATOR ENERGY LIMITED,AGE,Energy
ALMONTY INDUSTRIES INC.,AII,Materials
ALPHA HPA LIMITED,A4N,Materials
ALS LIMITED,ALQ,Commercial & Professional Services
ALTA ZINC LIMITED,AZI,Materials
ALTECH CHEMICALS LTD,ATC,Materials
ALTERITY THERAPEUTICS LIMITED,ATH,"Pharmaceuticals, Biotechnology & Life Sciences"
ALTERNATIVE INVESTMENT TRUST,AIQ,Not Applic
ALTERRA LIMITED,1AG,Commercial & Professional Services
ALTHEA GROUP HOLDINGS LIMITED,AGH,"Pharmaceuticals, Biotechnology & Life Sciences"
ALTIUM LIMITED,ALU,Software & Services
ALTO METALS LIMITED,AME,Materials
ALTURA MINING LIMITED,AJM,Materials
ALUMINA LIMITED,AWC,Materials
AMA GROUP LIMITED,AMA,Commercial & Professional Services
AMAERO INTERNATIONAL LTD,3DA,Capital Goods
AMANI GOLD LIMITED,ANL,Materials
AMBERTECH LIMITED,AMO,Technology Hardware & Equipment
AMCIL LIMITED,AMH,Not Applic
AMCOR PLC,AMC,Materials
AMERICAN PACIFIC BORATES LIMITED,ABR,Materials
AMERICAN RARE EARTHS LIMITED,ARR,Materials
AML3D LIMITED,AL3,Capital Goods
AMP LIMITED,AMP,Diversified Financials
AMPLIA THERAPEUTICS LIMITED,ATX,"Pharmaceuticals, Biotechnology & Life Sciences"
AMPOL LIMITED,ALD,Energy
ANALYTICA LIMITED,ALT,Health Care Equipment & Services
ANATARA LIFESCIENCES LTD,ANR,"Pharmaceuticals, Biotechnology & Life Sciences"
ANAX METALS LIMITED,ANX,Materials
ANDROMEDA METALS LIMITED,ADN,Materials
ANEKA TAMBANG (PERSERO) TBK (PT),ATM,Materials
ANGEL SEAFOOD HOLDINGS LTD,AS1,"Food, Beverage & Tobacco"
ANGLO AUSTRALIAN RESOURCES NL,AAR,Materials
ANGLOGOLD ASHANTI LIMITED,AGG,Materials
ANOVA METALS LIMITED,AWV,Materials
ANSARADA GROUP LIMITED,AND,Software & Services
ANSELL LIMITED,ANN,Health Care Equipment & Services
ANSON RESOURCES LIMITED,ASN,Materials
ANTEOTECH LTD,ADO,"Pharmaceuticals, Biotechnology & Life Sciences"
ANTERIS TECHNOLOGIES LTD,AVR,Health Care Equipment & Services
ANTILLES GOLD LIMITED,AAU,Materials
ANTIPA MINERALS LIMITED,AZY,Materials
ANTIPODES GLOBAL INVESTMENT COMPANY LTD,APL,Not Applic
ANTISENSE THERAPEUTICS LIMITED,ANP,"Pharmaceuticals, Biotechnology & Life Sciences"
APA GROUP,APA,Utilities
APIAM ANIMAL HEALTH LIMITED,AHX,Health Care Equipment & Services
APN CONVENIENCE RETAIL REIT,AQR,Real Estate
APN INDUSTRIA REIT,ADI,Real Estate
APN PROPERTY GROUP,APD,Real Estate
APOLLO CONSOLIDATED LIMITED,AOP,Materials
APOLLO MINERALS LIMITED,AON,Materials
APOLLO SERIES 2013-1 TRUST,AOR,Not Applic
APOLLO SERIES 2015-1 TRUST,AOL,Not Applic
APOLLO SERIES 2017-2 TRUST,AO2,Not Applic
APOLLO SERIES 2018-1 TRUST,AO3,Not Applic
APOLLO TOURISM & LEISURE LTD,ATL,Automobiles & Components
APPEN LIMITED,APX,Software & Services
APPLYFLOW LIMITED,AFW,Media & Entertainment
APPSVILLAGE AUSTRALIA LIMITED,APV,Software & Services
APT PIPELINES LIMITED..,AP2,Not Applic
AQUIRIAN LIMITED,AQN,Class Pend
AQUIS ENTERTAINMENT LIMITED,AQS,Consumer Services
ARAFURA RESOURCES LIMITED,ARU,Materials
ARB CORPORATION LIMITED.,ARB,Automobiles & Components
ARCADIA MINERALS LIMITED,AM7,Materials
ARCHER MATERIALS LIMITED,AXE,Materials
ARCHTIS LIMITED,AR9,Software & Services
ARDEA RESOURCES LIMITED,ARL,Materials
ARDENT LEISURE GROUP LIMITED,ALG,Consumer Services
ARDIDEN LTD,ADV,Materials
ARENA REIT.,ARF,Real Estate
ARGENICA THERAPEUTICS LIMITED,AGN,"Pharmaceuticals, Biotechnology & Life Sciences"
ARGENT MINERALS LIMITED,ARD,Materials
ARGO EXPLORATION LIMITED,AXT,Materials
ARGO GLOBAL LISTED INFRASTRUCTURE LIMITED,ALI,Not Applic
ARGO INVESTMENTS LIMITED,ARG,Not Applic
ARGONAUT RESOURCES NL,ARE,Materials
ARGOSY MINERALS LIMITED,AGY,Materials
ARIADNE AUSTRALIA LIMITED,ARA,Commercial & Professional Services
ARISTOCRAT LEISURE LIMITED,ALL,Consumer Services
ARK MINES LIMITED,AHK,Materials
ARMOUR ENERGY LIMITED,AJQ,Energy
AROA BIOSURGERY LIMITED,ARX,"Pharmaceuticals, Biotechnology & Life Sciences"
ARROW MINERALS LTD,AMD,Materials
ARTEMIS RESOURCES LIMITED,ARV,Materials
ARUMA RESOURCES LIMITED,AAJ,Materials
ASAPLUS RESOURCES LIMITED,AJY,Materials
ASF GROUP LIMITED,AFA,Diversified Financials
ASHLEY SERVICES GROUP LIMITED,ASH,Commercial & Professional Services
ASIAN AMERICAN MEDICAL GROUP LIMITED,AJJ,Health Care Equipment & Services
ASIAN DEVELOPMENT BANK,ATB,Not Applic
ASKARI METALS LIMITED,AS2,Materials
ASPEN GROUP,APZ,Real Estate
ASPERMONT LIMITED.,ASP,Media & Entertainment
ASPIRE MINING LIMITED,AKM,Materials
ASSETOWL LIMITED,AO1,Software & Services
ASTIVITA LIMITED,AIR,Capital Goods
ASTON MINERALS LIMITED,ASO,Materials
ASTRO RESOURCES NL,ARO,Materials
ASTRON CORPORATION LIMITED,ATR,Materials
ASX LIMITED,ASX,Diversified Financials
ATHENA RESOURCES LIMITED,AHN,Materials
ATLAS ARTERIA,ALX,Transportation
ATLAS PEARLS LTD,ATP,Consumer Durables & Apparel
ATOMO DIAGNOSTICS LIMITED,AT1,Health Care Equipment & Services
ATOMOS LIMITED,AMS,Consumer Durables & Apparel
ATRUM COAL LIMITED,ATU,Materials
AUB GROUP LIMITED,AUB,Insurance
AUCKLAND INTERNATIONAL AIRPORT LIMITED,AIA,Transportation
AUCKLAND REAL ESTATE TRUST,AKL,Real Estate
AUCTUS INVESTMENT GROUP LIMITED,AVC,Diversified Financials
AUDALIA RESOURCES LIMITED,ACP,Materials
AUDEARA LIMITED,AUA,Consumer Durables & Apparel
AUDINATE GROUP LIMITED,AD8,Technology Hardware & Equipment
AUDIO PIXELS HOLDINGS LIMITED,AKP,Consumer Durables & Apparel
AUKING MINING LIMITED,AKN,Materials
AUMAKE LIMITED.,AUK,Retailing
AURA ENERGY LIMITED,AEE,Energy
AURELIA METALS LIMITED,AMI,Materials
AURIC MINING LIMITED,AWJ,Materials
AURIS MINERALS LIMITED,AUR,Materials
AURIZON HOLDINGS LIMITED,AZJ,Transportation
AUROCH MINERALS LTD,AOU,Materials
AURORA GLOBAL INCOME TRUST,AIB,Not Applic
AURORA LABS LIMITED,A3D,Capital Goods
AURORA PROPERTY BUY-WRITE INCOME TRUST,AUP,Not Applic
AURUMIN LIMITED,AUN,Materials
AUS TIN MINING LTD,ANW,Materials
AUSCANN GROUP HOLDINGS LTD,AC8,"Pharmaceuticals, Biotechnology & Life Sciences"
AUSGOLD LIMITED,AUC,Materials
AUSMON RESOURCES LIMITED,AOA,Materials
AUSNET SERVICES HOLDINGS PTY LTD,ANV,Not Applic
AUSNET SERVICES LIMITED,AST,Utilities
AUSQUEST LIMITED,AQD,Materials
AUSSIE BROADBAND LIMITED,ABB,Class Pend
AUSTAL LIMITED,ASB,Capital Goods
AUSTAR GOLD LIMITED,AUL,Materials
AUSTCHINA HOLDINGS LIMITED,AUH,Energy
AUSTCO HEALTHCARE LIMITED,AHC,Health Care Equipment & Services
AUSTIN ENGINEERING LIMITED,ANG,Capital Goods
AUSTPAC RESOURCES NL,APG,Materials
AUSTRAL GOLD LIMITED,AGD,Materials
AUSTRALASIAN GOLD LIMITED,A8G,Materials
AUSTRALIA AND NEW ZEALAND BANKING GROUP LIMITED,ANZ,Banks
AUSTRALIA UNITED MINING LIMITED,AYM,Materials
AUSTRALIAN AGRICULTURAL COMPANY LIMITED.,AAC,"Food, Beverage & Tobacco"
AUSTRALIAN AGRICULTURAL PROJECTS LIMITED,AAP,"Food, Beverage & Tobacco"
AUSTRALIAN BAUXITE LIMITED.,ABX,Materials
AUSTRALIAN CLINICAL LABS LIMITED,ACL,Health Care Equipment & Services
AUSTRALIAN COMMONWEALTH GOVERNMENT LOANS,XCL,Not Applic
AUSTRALIAN DAIRY NUTRITIONALS GROUP,AHF,"Food, Beverage & Tobacco"
AUSTRALIAN ETHICAL INVESTMENT LIMITED,AEF,Diversified Financials
AUSTRALIAN FINANCE GROUP LTD,AFG,Banks
AUSTRALIAN FOUNDATION INVESTMENT COMPANY LIMITED,AFI,Not Applic
AUSTRALIAN GOLD AND COPPER LTD,AGC,Materials
AUSTRALIAN MINES LIMITED,AUZ,Materials
AUSTRALIAN PACIFIC COAL LIMITED,AQC,Materials
AUSTRALIAN PHARMACEUTICAL INDUSTRIES LIMITED,API,Health Care Equipment & Services
AUSTRALIAN POTASH LIMITED,APC,Materials
AUSTRALIAN PRIMARY HEMP LIMITED,APH,"Food, Beverage & Tobacco"
AUSTRALIAN RARE EARTHS LIMITED,AR3,Materials
AUSTRALIAN RURAL CAPITAL LIMITED,ARC,Diversified Financials
AUSTRALIAN SILICA QUARTZ GROUP LTD,ASQ,Materials
AUSTRALIAN STRATEGIC MATERIALS LIMITED,ASM,Materials
AUSTRALIAN UNITED INVESTMENT COMPANY LIMITED,AUI,Not Applic
AUSTRALIAN UNITY LIMITED,AYU,Not Applic
AUSTRALIAN UNITY OFFICE FUND,AOF,Real Estate
AUSTRALIAN VANADIUM LIMITED,AVL,Materials
AUSTRALIAN VINTAGE LTD,AVG,"Food, Beverage & Tobacco"
AUSTRALIS OIL & GAS LIMITED,ATS,Energy
AUSWIDE BANK LTD,ABA,Banks
AUTECO MINERALS LTD,AUT,Materials
AUTHORISED INVESTMENT FUND LIMITED,AIY,Not Applic
AUTOSPORTS GROUP LIMITED.,ASG,Retailing
AVA RISK GROUP LIMITED,AVA,Technology Hardware & Equipment
AVECHO BIOTECHNOLOGY LIMITED,AVE,"Pharmaceuticals, Biotechnology & Life Sciences"
AVENIRA LIMITED,AEV,Materials
AVENTUS GROUP,AVN,Real Estate
AVIRA RESOURCES LTD,AVW,Materials
AVITA MEDICAL INC.,AVH,"Pharmaceuticals, Biotechnology & Life Sciences"
AVJENNINGS LIMITED,AVJ,Real Estate
AVZ MINERALS LIMITED,AVZ,Materials
AWN HOLDINGS LIMITED,AWN,Capital Goods
AXIOM PROPERTIES LIMITED,AXI,Real Estate
AXP ENERGY LIMITED,AXP,Energy
AZURE MINERALS LIMITED,AZS,Materials
BABY BUNTING GROUP LIMITED,BBN,Retailing
BABYLON PUMP & POWER LIMITED,BPP,Capital Goods
BAILADOR TECHNOLOGY INVESTMENTS LIMITED,BTI,Diversified Financials
BALKAN MINING AND MINERALS LIMITED,BMM,Materials
BALLYMORE RESOURCES LIMITED,BMR,Materials
BANK OF QUEENSLAND LIMITED.,BOQ,Banks
BANNERMAN RESOURCES LIMITED,BMN,Energy
BAPCOR LIMITED,BAP,Retailing
BARD1 LIFE SCIENCES LIMITED,BD1,Health Care Equipment & Services
BARDOC GOLD LIMITED,BDC,Materials
BARRA RESOURCES LIMITED,BAR,Materials
BARTON GOLD HOLDINGS LIMITED,BGD,Materials
BASE RESOURCES LIMITED,BSE,Materials
BASS METALS LTD,BSM,Materials
BASS OIL LIMITED,BAS,Energy
BASSARI RESOURCES LIMITED,BSR,Materials
BASTION MINERALS LIMITED,BMO,Materials
BATHURST RESOURCES LIMITED.,BRL,Materials
BATTERY MINERALS LIMITED,BAT,Materials
BAUMART HOLDINGS LIMITED,BMH,Capital Goods
BBX MINERALS LIMITED,BBX,Materials
BCAL DIAGNOSTICS LIMITED,BDX,Class Pend
BCI MINERALS LIMITED,BCI,Materials
BEACH ENERGY LIMITED,BPT,Energy
BEACON LIGHTING GROUP LIMITED,BLX,Retailing
BEACON MINERALS LIMITED,BCN,Materials
BEAM COMMUNICATIONS HOLDINGS LIMITED,BCC,Technology Hardware & Equipment
BEGA CHEESE LIMITED,BGA,"Food, Beverage & Tobacco"
BELL FINANCIAL GROUP LIMITED,BFG,Diversified Financials
BELLEVUE GOLD LIMITED,BGL,Materials
BENDIGO AND ADELAIDE BANK LIMITED,BEN,Banks
BENJAMIN HORNIGOLD LIMITED,BHD,Not Applic
BENTLEY CAPITAL LIMITED,BEL,Not Applic
BENZ MINING CORP.,BNZ,Materials
BERKELEY ENERGIA LIMITED,BKY,Energy
BESRA GOLD INC.,BEZ,Materials
BEST & LESS GROUP HOLDINGS LTD,BST,Class Pend
BESTON GLOBAL FOOD COMPANY LIMITED,BFC,"Food, Beverage & Tobacco"
BETMAKERS TECHNOLOGY GROUP LTD,BET,Consumer Services
BEYOND INTERNATIONAL LIMITED,BYI,Media & Entertainment
BHP GROUP LIMITED,BHP,Materials
BIG RIVER GOLD LTD,BRV,Materials
BIG RIVER INDUSTRIES LIMITED,BRI,Materials
BIGTINCAN HOLDINGS LIMITED,BTH,Software & Services
BIKEEXCHANGE LIMITED,BEX,Class Pend
BILL IDENTITY LIMITED,BID,Software & Services
BINGO INDUSTRIES LIMITED,BIN,Commercial & Professional Services
BIO-GENE TECHNOLOGY LTD,BGT,Materials
BIONOMICS LIMITED,BNO,"Pharmaceuticals, Biotechnology & Life Sciences"
BIOTRON LIMITED,BIT,"Pharmaceuticals, Biotechnology & Life Sciences"
BIOXYNE LIMITED,BXN,Household & Personal Products
BIR FINANCIAL LIMITED,BIR,Diversified Financials
BISALLOY STEEL GROUP LIMITED,BIS,Materials
BKI INVESTMENT COMPANY LIMITED,BKI,Not Applic
BLACK CANYON LIMITED,BCA,Materials
BLACK CAT SYNDICATE LIMITED,BC8,Materials
BLACK DRAGON GOLD CORP.,BDG,Materials
BLACK ROCK MINING LIMITED,BKT,Materials
BLACKEARTH MINERALS NL,BEM,Materials
BLACKMORES LIMITED,BKL,Household & Personal Products
BLACKSTONE MINERALS LIMITED,BSX,Materials
BLACKWALL LIMITED,BWF,Diversified Financials
BLAZE MINERALS LIMITED,BLZ,Energy
BLUE ENERGY LIMITED.,BLU,Energy
BLUE STAR HELIUM LIMITED,BNL,Energy
BLUEBET HOLDINGS LTD,BBT,Consumer Services
BLUECHIIP LIMITED,BCT,Technology Hardware & Equipment
BLUESCOPE STEEL LIMITED,BSL,Materials
BLUGLASS LIMITED,BLG,Semiconductors & Semiconductor Equipment
BMG RESOURCES LIMITED,BMG,Materials
BNK BANKING CORPORATION LIMITED,BBC,Banks
BOAB METALS LIMITED,BML,Materials
BOADICEA RESOURCES LIMITED,BOA,Materials
BOART LONGYEAR LIMITED,BLY,Materials
BOD AUSTRALIA LIMITED,BDA,Retailing
BOOKTOPIA GROUP LIMITED,BKG,Retailing
BOOM LOGISTICS LIMITED,BOL,Capital Goods
BORAL LIMITED.,BLD,Materials
BOSS ENERGY LTD,BOE,Materials
BOTANIX PHARMACEUTICALS LTD,BOT,"Pharmaceuticals, Biotechnology & Life Sciences"
BOUGAINVILLE COPPER LIMITED,BOC,Materials
BOUNTY OIL & GAS NL,BUY,Energy
BOWEN COKING COAL LIMITED,BCB,Materials
BOYUAN HOLDINGS LIMITED,BHL,Real Estate
BPH ENERGY LTD,BPH,"Pharmaceuticals, Biotechnology & Life Sciences"
BPM MINERALS LIMITED,BPM,Materials
BRAINCHIP HOLDINGS LTD,BRN,Software & Services
BRAMBLES LIMITED,BXB,Commercial & Professional Services
BRAVURA SOLUTIONS LIMITED.,BVS,Software & Services
BREAKER RESOURCES NL,BRB,Materials
BREVILLE GROUP LIMITED,BRG,Consumer Durables & Apparel
BRICKWORKS LIMITED,BKW,Materials
BRIGHTSTAR RESOURCES LIMITED,BTR,Materials
BRISBANE BRONCOS LIMITED,BBL,Media & Entertainment
BRISCOE GROUP AUSTRALASIA LIMITED,BGP,Retailing
BROCKMAN MINING LIMITED,BCK,Materials
BROO LTD,BEE,"Food, Beverage & Tobacco"
BROOKSIDE ENERGY LIMITED,BRK,Energy
BRYAH RESOURCES LIMITED,BYH,Materials
BSA LIMITED,BSA,Commercial & Professional Services
BSP FINANCIAL GROUP LIMITED,BFL,Banks
BTC HEALTH LTD,BTC,Not Applic
BUBS AUSTRALIA LIMITED,BUB,"Food, Beverage & Tobacco"
BUDDY TECHNOLOGIES LTD,BUD,Consumer Durables & Apparel
"BUILDINGIQ, INC",BIQ,Software & Services
BULLETIN RESOURCES LIMITED,BNR,Materials
BURGUNDY DIAMOND MINES LIMITED,BDM,Materials
BURLEY MINERALS LTD,BUR,Materials
BURU ENERGY LIMITED,BRU,Energy
BUTN LIMITED,BTN,Diversified Financials
BUXTON RESOURCES LIMITED,BUX,Materials
BWP TRUST,BWP,Real Estate
BWX LIMITED,BWX,Household & Personal Products
BYRON ENERGY LIMITED,BYE,Energy
CADENCE CAPITAL LIMITED,CDM,Not Applic
CAENEUS MINERALS LTD,CAD,Materials
CAISSE FRANCAISE DE FINANCEMENT LOCAL,DXA,Not Applic
CALIDUS RESOURCES LIMITED,CAI,Materials
CALIMA ENERGY LIMITED,CE1,Energy
CALIX LIMITED,CXL,Materials
CAMPLIFY HOLDINGS LIMITED,CHL,Transportation
CANDY CLUB HOLDINGS LIMITED,CLB,Food & Staples Retailing
CANN GLOBAL LIMITED,CGB,"Pharmaceuticals, Biotechnology & Life Sciences"
CANN GROUP LIMITED,CAN,"Pharmaceuticals, Biotechnology & Life Sciences"
CANNINDAH RESOURCES LIMITED,CAE,Materials
CANNON RESOURCES LIMITED,CNR,Materials
CANTERBURY RESOURCES LIMITED,CBY,Materials
CANYON RESOURCES LIMITED,CAY,Materials
CAPE RANGE LTD,CAG,Software & Services
CAPITOL HEALTH LIMITED,CAJ,Health Care Equipment & Services
CAPRAL LIMITED,CAA,Materials
CAPRICE RESOURCES LTD,CRS,Materials
CAPRICORN METALS LTD,CMM,Materials
CAQ HOLDINGS LIMITED,CAQ,Real Estate
CARAVEL MINERALS LIMITED,CVV,Materials
CARAWINE RESOURCES LIMITED,CWX,Materials
CARBINE RESOURCES LIMITED,CRB,Materials
CARBON MINERALS LIMITED,CRM,Energy
CARBON REVOLUTION LIMITED,CBR,Automobiles & Components
CARBONXT GROUP LIMITED,CG1,Materials
CARDIEX LIMITED,CDX,Health Care Equipment & Services
CARDNO LIMITED,CDD,Commercial & Professional Services
CARINDALE PROPERTY TRUST,CDP,Real Estate
CARLTON INVESTMENTS LIMITED,CIN,Not Applic
CARLY HOLDINGS LIMITED,CL8,Retailing
CARNABY RESOURCES LIMITED,CNB,Materials
CARNARVON PETROLEUM LIMITED,CVN,Energy
CARNAVALE RESOURCES LIMITED,CAV,Materials
CARNEGIE CLEAN ENERGY LIMITED,CCE,Utilities
CARPENTARIA RESOURCES LTD,CAP,Materials
CARSALES.COM LIMITED.,CAR,Media & Entertainment
CASH CONVERTERS INTERNATIONAL,CCV,Diversified Financials
CASHREWARDS LIMITED,CRW,Media & Entertainment
CASHWERKZ LIMITED,CWZ,Diversified Financials
CASPIN RESOURCES LIMITED,CPN,Materials
CASSIUS MINING LIMITED,CMD,Materials
CASTILE RESOURCES LTD,CST,Materials
CASTILLO COPPER LIMITED,CCZ,Materials
CASTLE MINERALS LIMITED,CDT,Materials
CATALYST METALS LIMITED,CYL,Materials
CATAPULT GROUP INTERNATIONAL LTD,CAT,Technology Hardware & Equipment
CAULDRON ENERGY LIMITED,CXU,Energy
CAZALY RESOURCES LIMITED,CAZ,Materials
CD PRIVATE EQUITY FUND I,CD1,Not Applic
CD PRIVATE EQUITY FUND II,CD2,Not Applic
CD PRIVATE EQUITY FUND III,CD3,Not Applic
CEDAR WOODS PROPERTIES LIMITED,CWP,Real Estate
CELAMIN HOLDINGS LIMITED,CNL,Materials
CELLMID LIMITED,CDY,"Pharmaceuticals, Biotechnology & Life Sciences"
CELLNET GROUP LIMITED,CLT,Technology Hardware & Equipment
CELSIUS RESOURCES LIMITED.,CLA,Materials
CENTAURUS METALS LIMITED,CTM,Materials
CENTRAL PETROLEUM LIMITED,CTP,Energy
CENTREPOINT ALLIANCE LIMITED,CAF,Diversified Financials
CENTREX METALS LIMITED,CXM,Materials
CENTURIA CAPITAL GROUP,CNI,Real Estate
CENTURIA FUNDS MANAGEMENT LIMITED,C2F,Not Applic
CENTURIA INDUSTRIAL REIT,CIP,Real Estate
CENTURIA OFFICE REIT,COF,Real Estate
CERVANTES CORPORATION LIMITED,CVS,Materials
CETTIRE LIMITED,CTT,Retailing
CFOAM LIMITED,CFO,Capital Goods
CHALICE MINING LIMITED,CHN,Materials
CHALLENGER EXPLORATION LIMITED,CEL,Energy
CHALLENGER LIMITED,CGF,Diversified Financials
CHALLENGER MILLENNIUM SERIES 2007-1E TRUST,CHJ,Not Applic
CHALLENGER MILLENNIUM SERIES 2007-2L TRUST,CHU,Not Applic
CHAMPION IRON LIMITED,CIA,Materials
CHANGE FINANCIAL LIMITED,CCA,Software & Services
CHARGER METALS NL,CHR,Materials
CHARTER HALL GROUP,CHC,Real Estate
CHARTER HALL LONG WALE REIT,CLW,Real Estate
CHARTER HALL RETAIL REIT,CQR,Real Estate
CHARTER HALL SOCIAL INFRASTRUCTURE REIT,CQE,Real Estate
CHASE MINING CORPORATION LIMITED,CML,Materials
CHESSER RESOURCES LIMITED,CHZ,Materials
CHIMERIC THERAPEUTICS LIMITED,CHM,"Pharmaceuticals, Biotechnology & Life Sciences"
CHINA CONSTRUCTION BANK CORPORATION,CCB,Not Applic
CHONGHERR INVESTMENTS LTD,CDH,Materials
CHORUS LIMITED,CNU,Telecommunication Services
CI RESOURCES LIMITED,CII,Materials
CIMIC GROUP LIMITED,CIM,Capital Goods
CIPHERPOINT LIMITED,CPT,Software & Services
CIRRALTO LIMITED,CRO,Software & Services
CIRRUS NETWORKS HOLDINGS LIMITED,CNW,Software & Services
CITIGOLD CORPORATION LIMITED,CTO,Materials
CITY CHIC COLLECTIVE LIMITED,CCX,Retailing
CIVMEC LIMITED,CVL,Capital Goods
CLASS LIMITED,CL1,Software & Services
CLASSIC MINERALS LTD,CLZ,Materials
CLEAN SEAS SEAFOOD LIMITED,CSS,"Food, Beverage & Tobacco"
CLEAN TEQ WATER LIMITED,CNQ,Commercial & Professional Services
CLEANAWAY WASTE MANAGEMENT LIMITED,CWY,Commercial & Professional Services
CLEANSPACE HOLDINGS LIMITED,CSX,Health Care Equipment & Services
CLEARVIEW WEALTH LIMITED,CVW,Diversified Financials
CLEARVUE TECHNOLOGIES LIMITED,CPV,Capital Goods
CLIME CAPITAL LIMITED,CAM,Not Applic
CLIME INVESTMENT MANAGEMENT LTD,CIW,Diversified Financials
CLINUVEL PHARMACEUTICALS LIMITED,CUV,"Pharmaceuticals, Biotechnology & Life Sciences"
CLOVER CORPORATION LIMITED,CLV,Materials
CLUEY LTD,CLU,Consumer Services
COBALT BLUE HOLDINGS LIMITED,COB,Materials
COBRE LIMITED,CBE,Materials
COCHLEAR LIMITED,COH,Health Care Equipment & Services
CODA MINERALS LTD,COD,Materials
CODAN LIMITED,CDA,Technology Hardware & Equipment
CODRUS MINERALS LIMITED,CDR,Materials
COG FINANCIAL SERVICES LIMITED,COG,Diversified Financials
COGSTATE LTD,CGS,Health Care Equipment & Services
COHIBA MINERALS LIMITED,CHK,Materials
COKAL LIMITED,CKA,Materials
COLES GROUP LIMITED.,COL,Food & Staples Retailing
COLLECTION HOUSE LIMITED,CLH,Diversified Financials
COLLINS FOODS LIMITED,CKF,Consumer Services
COMET RESOURCES LIMITED,CRL,Materials
COMET RIDGE LIMITED,COI,Energy
COMMONWEALTH BANK OF AUSTRALIA.,CBA,Banks
COMMS GROUP LTD,CCG,Software & Services
COMPLII FINTECH SOLUTIONS LTD,CF1,Software & Services
COMPUMEDICS LIMITED,CMP,Health Care Equipment & Services
COMPUTERSHARE LIMITED.,CPU,Software & Services
CONICO LTD,CNJ,Materials
CONNECTED IO LIMITED,CIO,Technology Hardware & Equipment
CONNEXION TELEMATICS LTD,CXZ,Software & Services
CONSOLIDATED FINANCIAL HOLDINGS LIMITED,CWL,Software & Services
CONSOLIDATED ZINC LIMITED,CZL,Materials
CONSTELLATION RESOURCES LIMITED,CR1,Materials
CONSTELLATION TECHNOLOGIES LIMITED,CT1,Technology Hardware & Equipment
CONTACT ENERGY LIMITED,CEN,Utilities
CONTANGO ASSET MANAGEMENT LIMITED,CGA,Diversified Financials
CONTANGO INCOME GENERATOR  LIMITED,CIE,Not Applic
CONTROL BIONICS LIMITED,CBL,Health Care Equipment & Services
COOPER ENERGY LIMITED,COE,Energy
COPPER MOUNTAIN MINING CORPORATION,C6C,Materials
COPPER STRIKE LIMITED,CSE,Materials
COPPERMOLY LIMITED,COY,Materials
CORAZON MINING LIMITED,CZN,Materials
CORE LITHIUM LTD,CXO,Materials
CORELLA RESOURCES LTD,CR9,Materials
CORONADO GLOBAL RESOURCES INC.,CRN,Materials
CORPORATE TRAVEL MANAGEMENT LIMITED,CTD,Consumer Services
CORUM GROUP LIMITED,COO,Software & Services
COSOL LIMITED,COS,Software & Services
COSTA GROUP HOLDINGS LIMITED,CGC,"Food, Beverage & Tobacco"
COUGAR METALS NL,CGM,Materials
COUNTPLUS LIMITED,CUP,Commercial & Professional Services
COUNTY INTERNATIONAL LIMITED,CCJ,Energy
COVENTRY GROUP LIMITED,CYG,Capital Goods
CPT GLOBAL LIMITED,CGO,Software & Services
CRADLE RESOURCES LIMITED,CXX,Materials
CRATER GOLD MINING LIMITED,CGN,Materials
CREDIT CLEAR LIMITED,CCR,Software & Services
CREDIT CORP GROUP LIMITED,CCP,Diversified Financials
CREDIT INTELLIGENCE LTD,CI1,Commercial & Professional Services
CRESO PHARMA LIMITED,CPH,"Pharmaceuticals, Biotechnology & Life Sciences"
CRITICAL RESOURCES LIMITED,CRR,Materials
CROMWELL PROPERTY GROUP,CMW,Real Estate
CRONOS AUSTRALIA LIMITED,CAU,Health Care Equipment & Services
CROPLOGIC LIMITED,CLI,Commercial & Professional Services
CROWD MEDIA HOLDINGS LIMITED,CM8,Media & Entertainment
CROWN RESORTS LIMITED,CWN,Consumer Services
CRUSADE ABS SERIES 2017-1 TRUST,CU2,Not Applic
CRYOSITE LIMITED,CTE,"Pharmaceuticals, Biotechnology & Life Sciences"
CSL LIMITED,CSL,"Pharmaceuticals, Biotechnology & Life Sciences"
CSR LIMITED,CSR,Materials
CTI LOGISTICS LIMITED,CLX,Transportation
CUE ENERGY RESOURCES LIMITED,CUE,Energy
CULLEN RESOURCES LIMITED,CUL,Materials
CULPEO MINERALS LIMITED,CPO,Class Pend
CV CHECK LTD,CV1,Software & Services
CVC LIMITED,CVC,Diversified Financials
CYCLIQ GROUP LTD,CYQ,Consumer Durables & Apparel
CYCLONE METALS LIMITED,CLE,Materials
CYCLOPHARM LIMITED,CYC,Health Care Equipment & Services
CYGNUS GOLD LIMITED,CY5,Materials
CYNATA THERAPEUTICS LIMITED,CYP,"Pharmaceuticals, Biotechnology & Life Sciences"
CYPRIUM METALS LIMITED,CYM,Materials
CZR RESOURCES LTD,CZR,Materials
DACIAN GOLD LIMITED,DCN,Materials
DALRYMPLE BAY INFRASTRUCTURE LIMITED,DBI,Transportation
DAMSTRA HOLDINGS LIMITED,DTC,Software & Services
DANAKALI LIMITED,DNK,Materials
DART MINING NL,DTM,Materials
DATA#3 LIMITED,DTL,Software & Services
DATADOT TECHNOLOGY LIMITED,DDT,Automobiles & Components
DATELINE RESOURCES LIMITED,DTR,Materials
DC TWO LIMITED,DC2,Class Pend
DDH1 LIMITED,DDH,Materials
DE GREY MINING LIMITED,DEG,Materials
DE.MEM LIMITED,DEM,Utilities
DEALT LIMITED,DET,Real Estate
DECMIL GROUP LIMITED,DCG,Capital Goods
DEEP YELLOW LIMITED,DYL,Energy
DELECTA LIMITED,DLC,Retailing
DELOREAN CORPORATION LIMITED,DEL,Utilities
DELTA DRONE INTERNATIONAL LIMITED,DLT,Technology Hardware & Equipment
DESANE GROUP HOLDINGS LIMITED,DGH,Real Estate
DESERT METALS LIMITED,DM1,Materials
DESIGN MILK CO LIMITED,DMC,Retailing
DETERRA ROYALTIES LIMITED,DRR,Materials
DEVEX RESOURCES LIMITED,DEV,Energy
DEVINE LIMITED,DVN,Real Estate
DEXUS,DXS,Real Estate
DGL GROUP LIMITED,DGL,Materials
DGO GOLD LIMITED,DGO,Materials
DGR GLOBAL LIMITED,DGR,Materials
DIATREME RESOURCES LIMITED,DRX,Materials
DICKER DATA LIMITED,DDR,Technology Hardware & Equipment
DIGITAL WINE VENTURES LIMITED,DW8,Retailing
DIGITALX LIMITED,DCC,Software & Services
DIMERIX LIMITED,DXB,"Pharmaceuticals, Biotechnology & Life Sciences"
DISCOVERY AFRICA LIMITED,DAF,Materials
DISCOVEX RESOURCES LIMITED,DCX,Materials
DIVERSIFIED UNITED INVESTMENT LIMITED,DUI,Not Applic
DJERRIWARRH INVESTMENTS LIMITED,DJW,Not Applic
DOCTOR CARE ANYWHERE GROUP PLC,DOC,Health Care Equipment & Services
DOMACOM LIMITED,DCL,Diversified Financials
DOMAIN HOLDINGS AUSTRALIA LIMITED.,DHG,Media & Entertainment
DOME GOLD MINES LIMITED,DME,Materials
DOMINO'S PIZZA ENTERPRISES LIMITED,DMP,Consumer Services
DONACO INTERNATIONAL LIMITED,DNA,Consumer Services
DORIEMUS PLC,DOR,Energy
DORSAVI LTD,DVL,"Pharmaceuticals, Biotechnology & Life Sciences"
DOTZ NANO LIMITED,DTZ,Semiconductors & Semiconductor Equipment
DOUUGH LIMITED,DOU,Telecommunication Services
DOWNER EDI LIMITED,DOW,Commercial & Professional Services
DOWNER GROUP FINANCE PTY LIMITED,DGF,Not Applic
DRA GLOBAL LIMITED,DRA,Capital Goods
DRAGON MOUNTAIN GOLD LIMITED,DMG,Materials
DRAGONTAIL SYSTEMS LIMITED,DTS,Software & Services
DREADNOUGHT RESOURCES LTD,DRE,Materials
DRIVER AUSTRALIA FIVE TRUST,DA1,Not Applic
DRIVER AUSTRALIA MASTER TRUST,DAM,Not Applic
DRIVER AUSTRALIA SIX TRUST,DAS,Not Applic
DRONESHIELD LIMITED,DRO,Capital Goods
DROPSUITE LIMITED,DSE,Software & Services
DTI GROUP LTD,DTI,Technology Hardware & Equipment
DUBBER CORPORATION LIMITED,DUB,Software & Services
DUG TECHNOLOGY LTD,DUG,Software & Services
DUKE EXPLORATION LIMITED,DEX,Materials
DUKETON MINING LIMITED,DKM,Materials
DURATEC LIMITED,DUR,Capital Goods
DUSK GROUP LIMITED,DSK,Retailing
DUXTON BROADACRE FARMS LIMITED,DBF,"Food, Beverage & Tobacco"
DUXTON WATER LIMITED,D2O,Utilities
DXN LIMITED,DXN,Software & Services
DYNAMIC DRILL AND BLAST HOLDINGS LIMITED,DDB,Capital Goods
E&P FINANCIAL GROUP LIMITED,EP1,Diversified Financials
E2 METALS LIMITED,E2M,Materials
EAGERS AUTOMOTIVE LIMITED,APE,Retailing
EAGLE MOUNTAIN MINING LIMITED,EM2,Materials
EARLYPAY LTD,EPY,Diversified Financials
EAST 33 LIMITED.,ETT,Class Pend
EAST ENERGY RESOURCES LIMITED,EER,Energy
EASTERN IRON LIMITED,EFE,Materials
EASTON INVESTMENTS LIMITED,EAS,Diversified Financials
EBOS GROUP LIMITED,EBO,Health Care Equipment & Services
ECARGO HOLDINGS LIMITED,ECG,Commercial & Professional Services
ECLIPSE METALS LIMITED.,EPM,Energy
ECLIPX GROUP LIMITED,ECX,Diversified Financials
ECOFIBRE LIMITED,EOF,"Pharmaceuticals, Biotechnology & Life Sciences"
ECOGRAF LIMITED,EGR,Materials
ECP EMERGING GROWTH LIMITED,ECP,Not Applic
ECS BOTANICS HOLDINGS LTD,ECS,"Pharmaceuticals, Biotechnology & Life Sciences"
EDEN INNOVATIONS LTD,EDE,Energy
EILDON CAPITAL GROUP,EDC,Diversified Financials
ELANOR COMMERCIAL PROPERTY FUND,ECF,Real Estate
ELANOR INVESTORS GROUP,ENN,Consumer Services
ELANOR RETAIL PROPERTY FUND,ERF,Real Estate
ELDERS LIMITED,ELD,"Food, Beverage & Tobacco"
ELECTRO OPTIC SYSTEMS HOLDINGS LIMITED,EOS,Capital Goods
ELEMENT 25 LIMITED,E25,Materials
ELEMENTOS LIMITED,ELT,Materials
ELEVATE URANIUM LTD,EL8,Energy
ELIXINOL WELLNESS LIMITED,EXL,Household & Personal Products
ELIXIR ENERGY LIMITED,EXR,Energy
ELLERSTON ASIAN INVESTMENTS LIMITED,EAI,Not Applic
ELMO SOFTWARE LIMITED,ELO,Software & Services
ELMORE LTD,ELE,Materials
ELSIGHT LIMITED,ELS,Technology Hardware & Equipment
EMBELTON LIMITED,EMB,Capital Goods
EMECO HOLDINGS LIMITED,EHL,Capital Goods
EMERALD RESOURCES NL,EMR,Materials
EMERGE GAMING LIMITED,EM1,Media & Entertainment
EMETALS LIMITED,EMT,Not Applic
EMIRATES NBD PJSC,EMI,Not Applic
EML PAYMENTS LIMITED,EML,Software & Services
EMMERSON RESOURCES LIMITED,ERM,Materials
EMPEROR ENERGY LIMITED,EMP,Energy
EMPIRE ENERGY GROUP LIMITED,EEG,Energy
EMPIRE RESOURCES LIMITED,ERL,Materials
EMPIRED LTD,EPD,Software & Services
EMU NL,EMU,Materials
EMVISION MEDICAL DEVICES LTD,EMV,Health Care Equipment & Services
EMYRIA LIMITED,EMD,Health Care Equipment & Services
ENCOUNTER RESOURCES LIMITED,ENR,Materials
ENDEAVOUR GROUP LIMITED,EDV,Food & Staples Retailing
ENECO REFRESH LTD,ERG,"Food, Beverage & Tobacco"
ENEGEX LIMITED,ENX,Materials
ENERGY ACTION LIMITED,EAX,Commercial & Professional Services
ENERGY METALS LTD,EME,Energy
ENERGY ONE LIMITED,EOL,Software & Services
ENERGY RESOURCES OF AUSTRALIA LIMITED,ERA,Energy
ENERGY TECHNOLOGIES LIMITED,EGY,Capital Goods
ENERGY WORLD CORPORATION LTD,EWC,Utilities
ENERO GROUP LIMITED,EGG,Media & Entertainment
ENGAGE:BDR LIMITED,EN1,Media & Entertainment
ENGENCO LIMITED,EGN,Capital Goods
ENNOX GROUP LTD,EXO,Diversified Financials
ENOVA MINING LIMITED,ENV,Materials
ENSURANCE LTD,ENA,Insurance
ENTERPRISE METALS LIMITED,ENT,Materials
ENVIRONMENTAL CLEAN TECHNOLOGIES LIMITED.,ECT,Commercial & Professional Services
ENVIRONMENTAL GROUP LIMITED (THE),EGL,Capital Goods
ENVIROSUITE LIMITED,EVS,Software & Services
EON NRG LIMITED,E2E,Energy
EP&T GLOBAL LIMITED,EPX,Software & Services
EPSILON HEALTHCARE LIMITED,EPN,"Pharmaceuticals, Biotechnology & Life Sciences"
EQ RESOURCES LIMITED,EQR,Materials
EQT HOLDINGS LIMITED,EQT,Diversified Financials
EQUATORIAL RESOURCES LIMITED,EQX,Materials
EQUUS MINING LIMITED,EQE,Materials
EROAD LIMITED,ERD,Technology Hardware & Equipment
ERRAWARRA RESOURCES LTD,ERW,Materials
ESENSE-LAB LTD,ESE,"Pharmaceuticals, Biotechnology & Life Sciences"
ESPORTS MOGUL LIMITED,ESH,Media & Entertainment
ESSENTIAL METALS LIMITED,ESS,Materials
ESTIA HEALTH LIMITED,EHE,Health Care Equipment & Services
ESTRELLA RESOURCES LIMITED,ESR,Materials
ETHERSTACK PLC,ESK,Software & Services
EUMUNDI GROUP LIMITED,EBG,Consumer Services
EUREKA GROUP HOLDINGS LIMITED,EGH,Real Estate
EURO MANGANESE INC,EMN,Materials
EUROPEAN LITHIUM LIMITED,EUR,Materials
EUROPEAN METALS HOLDINGS LIMITED,EMH,Materials
EUROZ LIMITED,EZL,Diversified Financials
EVE INVESTMENTS LIMITED,EVE,Diversified Financials
EVENT HOSPITALITY AND ENTERTAINMENT LTD,EVT,Media & Entertainment
EVOLUTION MINING LIMITED,EVN,Materials
EVOLVE EDUCATION GROUP LIMITED,EVO,Consumer Services
EVZ LIMITED,EVZ,Capital Goods
EXCELSIOR CAPITAL LTD,ECL,Capital Goods
EXOPHARM LIMITED,EX1,"Pharmaceuticals, Biotechnology & Life Sciences"
EXPERIENCE CO LIMITED,EXP,Consumer Services
EZZ LIFE SCIENCE HOLDINGS LIMITED,EZZ,Retailing
FACTOR THERAPEUTICS LIMITED,FTT,"Pharmaceuticals, Biotechnology & Life Sciences"
FAMILY ZONE CYBER SAFETY LIMITED,FZO,Software & Services
FAR LIMITED,FAR,Energy
FARGO ENTERPRISES LIMITED,FGO,Software & Services
FARM PRIDE FOODS LIMITED,FRM,"Food, Beverage & Tobacco"
FARMAFORCE LIMITED,FFC,Health Care Equipment & Services
FASTER ENTERPRISES LTD,FE8,Real Estate
FAT PROPHETS GLOBAL CONTRARIAN FUND LTD,FPC,Not Applic
FAT PROPHETS GLOBAL PROPERTY FUND,FPP,Not Applic
FATFISH GROUP LIMITED,FFG,Diversified Financials
FBR LTD,FBR,Capital Goods
FE INVESTMENTS GROUP LIMITED,FEI,Diversified Financials
FE LIMITED,FEL,Materials
FELIX GROUP HOLDINGS LTD,FLX,Software & Services
FENIX RESOURCES LTD,FEX,Materials
FERTOZ LIMITED,FTZ,Materials
FFI HOLDINGS LIMITED,FFI,"Food, Beverage & Tobacco"
FIDUCIAN GROUP LIMITED,FID,Diversified Financials
FIELD SOLUTIONS HOLDINGS LIMITED,FSG,Telecommunication Services
FIJI KAVA LIMITED,FIJ,Household & Personal Products
FIN RESOURCES LIMITED,FIN,Materials
FINBAR GROUP LIMITED,FRI,Real Estate
FINEOS CORPORATION HOLDINGS PLC,FCL,Software & Services
FINEXIA FINANCIAL GROUP LIMITED,FNX,Diversified Financials
FINTECH CHAIN LIMITED,FTC,Software & Services
FIREBIRD METALS LIMITED,FRB,Materials
FIREFINCH LIMITED,FFX,Materials
FIREFLY RESOURCES LIMITED,FFR,Materials
FIRST ABU DHABI BANK PJSC,FA2,Not Applic
FIRST AU LIMITED,FAU,Materials
FIRST GRAPHENE LIMITED,FGR,Materials
FIRSTMAC MORTGAGE FUNDING TRUST NO. 4 SERIES 1-2020,FM3,Not Applic
FIRSTMAC MORTGAGE FUNDING TRUST NO.4 SERIES 2-2019,FM2,Not Applic
FIRSTMAC MORTGAGE FUNDING TRUST NO.4 SERIES 2-2020,FM5,Not Applic
FIRSTMAC MORTGAGE FUNDING TRUST NO.4 SERIES 3PP-2019,FM4,Not Applic
FIRSTMAC MORTGAGE FUNDING TRUST NO.4 SERIES 4-2019,FM1,Not Applic
FIRSTWAVE CLOUD TECHNOLOGY LIMITED,FCT,Software & Services
FISHER & PAYKEL HEALTHCARE CORPORATION LIMITED,FPH,Health Care Equipment & Services
FITZROY RIVER CORPORATION LTD,FZR,Energy
FLAGSHIP INVESTMENTS LIMITED,FSI,Not Applic
FLEETWOOD LIMITED,FWD,Consumer Durables & Apparel
FLETCHER BUILDING LIMITED,FBU,Materials
FLEXI ABS TRUST 2019-2,FA1,Not Applic
FLEXIROAM LIMITED,FRX,Telecommunication Services
FLIGHT CENTRE TRAVEL GROUP LIMITED,FLT,Consumer Services
FLINDERS MINES LIMITED,FMS,Materials
FLUENCE CORPORATION LIMITED,FLC,Capital Goods
FLYNN GOLD LIMITED,FG1,Materials
FOCUS MINERALS LTD,FML,Materials
FONTERRA SHAREHOLDERS' FUND,FSF,"Food, Beverage & Tobacco"
FORAGER AUSTRALIAN SHARES FUND,FOR,Not Applic
FORBIDDEN FOODS LIMITED,FFF,"Food, Beverage & Tobacco"
FORTESCUE METALS GROUP LTD,FMG,Materials
FOS CAPITAL LTD,FOS,Capital Goods
FREEDOM FOODS GROUP LIMITED,FNP,"Food, Beverage & Tobacco"
FREEDOM OIL AND GAS LTD,FDM,Energy
FREEHILL MINING LIMITED.,FHS,Materials
FREELANCER LIMITED,FLN,Commercial & Professional Services
FRONTIER DIGITAL VENTURES LIMITED,FDV,Media & Entertainment
FRONTIER RESOURCES LIMITED,FNT,Materials
FRUGL GROUP LIMITED,FGL,Software & Services
FSA GROUP LIMITED,FSA,Diversified Financials
FUTURE FIRST TECHNOLOGIES LTD,FFT,Commercial & Professional Services
FUTURE GENERATION GLOBAL INVESTMENT COMPANY LIMITED,FGG,Not Applic
FUTURE GENERATION INVESTMENT COMPANY LIMITED,FGX,Not Applic
FUTURE METALS NL,FME,Energy
FYI RESOURCES LIMITED,FYI,Materials
G.U.D. HOLDINGS LIMITED,GUD,Automobiles & Components
G8 EDUCATION LIMITED,GEM,Consumer Services
GALAN LITHIUM LIMITED,GLN,Materials
GALAXY RESOURCES LIMITED,GXY,Materials
GALE PACIFIC LIMITED,GAP,Consumer Durables & Apparel
GALENA MINING LIMITED,G1A,Materials
GALILEE ENERGY LIMITED,GLL,Energy
GALILEO MINING LTD,GAL,Materials
GARDA PROPERTY GROUP,GDF,Real Estate
GAS2GRID LIMITED,GGX,Energy
GASCOYNE RESOURCES LIMITED,GCY,Materials
GATEWAY MINING LIMITED,GML,Materials
GBM RESOURCES LIMITED,GBZ,Materials
GDI PROPERTY GROUP,GDI,Real Estate
GEFEN INTERNATIONAL A.I. LTD,GFN,Retailing
GENERATION DEVELOPMENT GROUP LIMITED,GDG,Insurance
GENESIS ENERGY LIMITED,GNE,Utilities
GENESIS MINERALS LIMITED,GMD,Materials
GENESIS RESOURCES LIMITED,GES,Materials
GENETIC SIGNATURES LIMITED,GSS,"Pharmaceuticals, Biotechnology & Life Sciences"
GENETIC TECHNOLOGIES LIMITED,GTG,"Pharmaceuticals, Biotechnology & Life Sciences"
GENEX POWER LIMITED,GNX,Utilities
GENMIN LIMITED,GEN,Materials
GENTRACK GROUP LIMITED,GTK,Software & Services
GENUSPLUS GROUP LTD,GNP,Capital Goods
GENWORTH MORTGAGE INSURANCE AUSTRALIA LIMITED,GMA,Banks
GEOPACIFIC RESOURCES LTD,GPR,Materials
GIBB RIVER DIAMONDS LIMITED,GIB,Materials
GLADIATOR RESOURCES LIMITED,GLA,Materials
GLENNON SMALL COMPANIES LIMITED,GC1,Not Applic
GLG CORP LTD,GLE,Consumer Durables & Apparel
GLOBAL DATA CENTRE GROUP,GDC,Not Applic
GLOBAL ENERGY VENTURES LIMITED,GEV,Energy
GLOBAL HEALTH LIMITED,GLH,Health Care Equipment & Services
GLOBAL LITHIUM RESOURCES LIMITED,GL1,Materials
GLOBAL MASTERS FUND LIMITED,GFL,Not Applic
GLOBAL OIL & GAS LIMITED,GLV,Energy
GLOBAL VALUE FUND LIMITED,GVF,Not Applic
GLOBE INTERNATIONAL LIMITED,GLB,Consumer Durables & Apparel
GLOBE METALS & MINING LIMITED,GBE,Materials
GME RESOURCES LIMITED,GME,Materials
GODOLPHIN RESOURCES LIMITED,GRL,Materials
GOLD 50 LIMITED,G50,Materials
GOLD MOUNTAIN LIMITED,GMN,Materials
GOLD ROAD RESOURCES LIMITED,GOR,Materials
GOLDEN CROSS RESOURCES LTD,GCR,Materials
GOLDEN DEEPS LIMITED.,GED,Materials
GOLDEN MILE RESOURCES LTD,G88,Materials
GOLDEN RIM RESOURCES LTD,GMR,Materials
GOLDEN STATE MINING LIMITED,GSM,Materials
GOOD DRINKS AUSTRALIA LTD,GDA,"Food, Beverage & Tobacco"
GOODMAN GROUP,GMG,Real Estate
GOOROO VENTURES LIMITED,GOO,Software & Services
GOWING BROS LIMITED,GOW,Diversified Financials
GPS ALLIANCE HOLDINGS LIMITED,GPS,Real Estate
GPT GROUP,GPT,Real Estate
GR ENGINEERING SERVICES LIMITED,GNG,Materials
GRAINCORP LIMITED,GNC,Food & Staples Retailing
GRAND GULF ENERGY LIMITED,GGE,Energy
GRANGE RESOURCES LIMITED.,GRR,Materials
GRATIFII LIMITED,GTI,Software & Services
GREAT BOULDER RESOURCES LIMITED,GBR,Materials
GREAT NORTHERN MINERALS LIMITED,GNM,Materials
GREAT SOUTHERN MINING LIMITED,GSN,Materials
GREAT WESTERN EXPLORATION LIMITED.,GTE,Materials
GREENLAND MINERALS LIMITED,GGG,Materials
GREENVALE MINING LTD,GRV,Energy
GROWTHPOINT PROPERTIES AUSTRALIA,GOZ,Real Estate
GRYPHON CAPITAL INCOME TRUST,GCI,Not Applic
GTI RESOURCES LIMITED,GTR,Materials
GTN LIMITED,GTN,Media & Entertainment
GULF MANGANESE CORPORATION LIMITED,GMC,Materials
GULLEWA LIMITED,GUL,Materials
GWA GROUP LIMITED.,GWA,Capital Goods
GWR GROUP LIMITED,GWR,Materials
HAMMER METALS LIMITED,HMX,Materials
HAMPTON HILL MINING NL,HHM,Materials
HANNANS LTD,HNR,Materials
HANSEN TECHNOLOGIES LIMITED,HSN,Software & Services
HAPPY VALLEY NUTRITION LIMITED,HVM,"Food, Beverage & Tobacco"
HARMONEY CORP LIMITED,HMY,Diversified Financials
HARRIS TECHNOLOGY GROUP LIMITED,HT8,Retailing
HARTSHEAD RESOURCES NL,HHR,Energy
HARVEST TECHNOLOGY GROUP LTD,HTG,Technology Hardware & Equipment
HARVEY NORMAN HOLDINGS LIMITED,HVN,Retailing
HASTINGS TECHNOLOGY METALS LTD,HAS,Materials
HAVILAH RESOURCES LIMITED,HAV,Materials
HAWKSTONE MINING LIMITED,HWK,Materials
HAWTHORN RESOURCES LIMITED,HAW,Materials
HAZER GROUP LIMITED,HZR,Materials
HEALIUS LIMITED,HLS,Health Care Equipment & Services
HEALTH AND PLANT PROTEIN GROUP LIMITED,HPP,"Food, Beverage & Tobacco"
HEALTH HOUSE INTERNATIONAL LIMITED,HHI,Health Care Equipment & Services
HEALTHIA LIMITED,HLA,Health Care Equipment & Services
HEARTLAND GROUP HOLDINGS LIMITED,HGH,Banks
HEARTS AND MINDS INVESTMENTS LIMITED,HM1,Not Applic
HELIOS ENERGY LTD,HE8,Energy
HELIX RESOURCES LIMITED,HLX,Materials
HELLOWORLD TRAVEL LIMITED,HLO,Consumer Services
HERAMED LIMITED,HMD,Health Care Equipment & Services
HERON RESOURCES LIMITED,HRR,Materials
HEXAGON ENERGY MATERIALS LIMITED,HXG,Materials
HEXIMA LIMITED.,HXL,"Pharmaceuticals, Biotechnology & Life Sciences"
HGL LIMITED,HNG,Capital Goods
HHY FUND,HHY,Not Applic
HIGH GRADE METALS LIMITED,HGM,Materials
HIGH PEAK ROYALTIES LIMITED,HPR,Energy
HIGHFIELD RESOURCES LIMITED,HFR,Materials
HILLGROVE RESOURCES LIMITED,HGO,Materials
HILLS LIMITED,HIL,Technology Hardware & Equipment
HIPAGES GROUP HOLDINGS LTD,HPG,Media & Entertainment
HIREMII LIMITED,HMI,Commercial & Professional Services
HITECH GROUP AUSTRALIA LIMITED,HIT,Commercial & Professional Services
HITIQ LIMITED,HIQ,Health Care Equipment & Services
HOLISTA COLLTECH LIMITED,HCT,Household & Personal Products
HOME CONSORTIUM,HMC,Real Estate
HOMECO DAILY NEEDS REIT,HDN,Real Estate
HORIZON GOLD LIMITED,HRN,Materials
HORIZON MINERALS LIMITED,HRZ,Materials
HORIZON OIL LIMITED,HZN,Energy
HORSESHOE METALS LIMITED,HOR,Materials
HOT CHILI LIMITED,HCH,Materials
HOTEL PROPERTY INVESTMENTS,HPI,Real Estate
HOUSTON WE HAVE LIMITED,HWH,Software & Services
HRL HOLDINGS LTD,HRL,Commercial & Professional Services
HSC TECHNOLOGY GROUP LTD,HSC,Software & Services
HT&E LIMITED,HT1,Media & Entertainment
HUB24 LIMITED,HUB,Diversified Financials
HUBIFY LIMITED,HFY,Telecommunication Services
HUDSON INVESTMENT GROUP LIMITED,HGL,Real Estate
HUMM GROUP LIMITED,HUM,Diversified Financials
HUON AQUACULTURE GROUP LIMITED,HUO,"Food, Beverage & Tobacco"
HUTCHISON TELECOMMUNICATIONS (AUSTRALIA) LIMITED,HTA,Telecommunication Services
HYDRIX LIMITED,HYD,Technology Hardware & Equipment
HYDROCARBON DYNAMICS LIMITED,HCD,Energy
HYPERION METALS LIMITED,HYM,Materials
"HYUNDAI CAPITAL SERVICES, INC.",HCS,Not Applic
I SYNERGY GROUP LIMITED,IS3,Software & Services
ICANDY INTERACTIVE LIMITED,ICI,Media & Entertainment
ICAR ASIA LIMITED,ICQ,Media & Entertainment
ICENI GOLD LIMITED,ICL,Materials
ICETANA LIMITED,ICE,Software & Services
ICOLLEGE LIMITED,ICT,Consumer Services
ICON ENERGY LIMITED,ICN,Energy
ICSGLOBAL LIMITED,ICS,Health Care Equipment & Services
IDENTITII LIMITED,ID8,Software & Services
IDP EDUCATION LIMITED,IEL,Consumer Services
IDT AUSTRALIA LIMITED,IDT,"Pharmaceuticals, Biotechnology & Life Sciences"
IGNITE LIMITED,IGN,Commercial & Professional Services
IGO LIMITED,IGO,Materials
IKEGPS GROUP LIMITED,IKE,Technology Hardware & Equipment
IKWEZI MINING LIMITED,IKW,Energy
ILUKA RESOURCES LIMITED,ILU,Materials
IMAGE RESOURCES NL,IMA,Materials
IMAGION BIOSYSTEMS LIMITED,IBX,Health Care Equipment & Services
IMDEX LIMITED,IMD,Materials
IMEXHS LIMITED,IME,Health Care Equipment & Services
IMMURON LIMITED,IMC,"Pharmaceuticals, Biotechnology & Life Sciences"
IMMUTEP LIMITED,IMM,"Pharmaceuticals, Biotechnology & Life Sciences"
IMPACT MINERALS LIMITED,IPT,Materials
IMPEDIMED LIMITED,IPD,Health Care Equipment & Services
IMPELUS LIMITED,IMS,Media & Entertainment
IMPERIAL PACIFIC LIMITED,IPC,Diversified Financials
"IMRICOR MEDICAL SYSTEMS, INC.",IMR,Health Care Equipment & Services
IMUGENE LIMITED,IMU,"Pharmaceuticals, Biotechnology & Life Sciences"
INCA MINERALS LIMITED,ICG,Materials
INCANNEX HEALTHCARE LIMITED,IHL,"Pharmaceuticals, Biotechnology & Life Sciences"
INCENTIAPAY LIMITED,INP,Retailing
INCITEC PIVOT LIMITED,IPL,Materials
INDIANA RESOURCES LIMITED,IDA,Materials
INDOOR SKYDIVE AUSTRALIA GROUP LIMITED,IDZ,Consumer Services
INDUSTRIAL MINERALS LTD,IND,Materials
INFINITY LITHIUM CORPORATION LIMITED,INF,Materials
INFOMEDIA LTD,IFM,Software & Services
INFRATIL LIMITED.,IFT,Utilities
INGENIA COMMUNITIES GROUP,INA,Real Estate
INGHAMS GROUP LIMITED,ING,"Food, Beverage & Tobacco"
INSURANCE AUSTRALIA GROUP LIMITED,IAG,Insurance
INTEGA GROUP LIMITED,ITG,Capital Goods
INTEGRAL DIAGNOSTICS LIMITED,IDX,Health Care Equipment & Services
INTEGRATED GREEN ENERGY SOLUTIONS LTD,IGE,Commercial & Professional Services
INTEGRATED PAYMENT TECHNOLOGIES LIMITED,IP1,Software & Services
INTEGRATED RESEARCH LIMITED,IRI,Software & Services
INTELICARE HOLDINGS LIMITED,ICR,Health Care Equipment & Services
INTELLIHR LIMITED,IHR,Software & Services
INTERNATIONAL EQUITIES CORPORATION LIMITED.,IEQ,Real Estate
INTERNATIONAL FINANCE CORPORATION,IFX,Not Applic
INTERSTAR MILLENNIUM SERIES 2002-1G TRUST,IMG,Not Applic
INTERSTAR MILLENNIUM SERIES 2003-3G TRUST,IMX,Not Applic
INTERSTAR MILLENNIUM SERIES 2004-1E TRUST,IMQ,Not Applic
INTERSTAR MILLENNIUM SERIES 2004-2G TRUST,IMK,Not Applic
INTERSTAR MILLENNIUM SERIES 2004-5 TRUST,IMN,Not Applic
INTERSTAR MILLENNIUM SERIES 2005-2L TRUST,IMO,Not Applic
INTERSTAR MILLENNIUM SERIES 2006-2G TRUST,INB,Not Applic
INTERSTAR MILLENNIUM SERIES 2006-3L TRUST,INN,Not Applic
INTERSTAR MILLENNIUM SERIES 2006-4H TRUST,INH,Not Applic
INTRA ENERGY CORPORATION LIMITED,IEC,Energy
INVENTIS LIMITED,IVT,Commercial & Professional Services
INVESTIGATOR RESOURCES LTD,IVR,Materials
INVESTSMART GROUP LIMITED,INV,Diversified Financials
INVEX THERAPEUTICS LTD,IXC,"Pharmaceuticals, Biotechnology & Life Sciences"
INVICTUS ENERGY LTD,IVZ,Energy
INVIGOR GROUP LIMITED,IVO,Media & Entertainment
INVION LIMITED,IVX,"Pharmaceuticals, Biotechnology & Life Sciences"
INVOCARE LIMITED,IVC,Consumer Services
IODM LIMITED,IOD,Software & Services
IONEER LTD,INR,Materials
IONIC RARE EARTHS LIMITED,IXR,Materials
IOOF HOLDINGS LIMITED,IFL,Diversified Financials
IOUPAY LIMITED,IOU,Media & Entertainment
IPB PETROLEUM LIMITED,IPB,Energy
IPH LIMITED,IPH,Commercial & Professional Services
IQ3CORP LIMITED,IQ3,Diversified Financials
IRESS LIMITED,IRE,Software & Services
IRON ROAD LIMITED,IRD,Materials
IRONBARK CAPITAL LIMITED,IBC,Not Applic
IRONBARK ZINC LTD,IBG,Materials
IRONGATE GROUP,IAP,Real Estate
ISELECT LIMITED.,ISU,Consumer Services
ISENTIA GROUP LIMITED,ISD,Software & Services
ISIGNTHIS LTD,ISX,Software & Services
ISLAND PHARMACEUTICALS LIMITED,ILA,"Pharmaceuticals, Biotechnology & Life Sciences"
IVE GROUP LIMITED,IGL,Media & Entertainment
IXUP LIMITED,IXU,Software & Services
JADAR RESOURCES LIMITED,JDR,Materials
JAMES HARDIE INDUSTRIES PLC,JHX,Materials
JAMESON RESOURCES LIMITED,JAL,Materials
JANISON EDUCATION GROUP LIMITED,JAN,Software & Services
JANUS HENDERSON GROUP PLC,JHG,Diversified Financials
JAPARA HEALTHCARE LIMITED,JHC,Health Care Equipment & Services
JATCORP LIMITED,JAT,Retailing
JAXSTA LTD,JXT,Software & Services
JAYEX TECHNOLOGY LIMITED,JTL,Health Care Equipment & Services
JAYRIDE GROUP LIMITED,JAY,Retailing
JB HI-FI LIMITED,JBH,Retailing
JCURVE SOLUTIONS LTD,JCS,Software & Services
JERVOIS MINING LIMITED,JRV,Materials
JINDALEE RESOURCES LIMITED,JRL,Materials
JOHNS LYNG GROUP LIMITED,JLG,Capital Goods
JOYCE CORPORATION LTD,JYC,Retailing
JUMBO INTERACTIVE LIMITED,JIN,Consumer Services
JUNO MINERALS LIMITED,JNO,Materials
JUPITER ENERGY LIMITED,JPR,Energy
JUPITER MINES LIMITED.,JMS,Materials
K & S CORPORATION LIMITED,KSC,Transportation
K-TIG LIMITED,KTG,Capital Goods
K2 ASSET MANAGEMENT HOLDINGS LTD,KAM,Diversified Financials
K2FLY LIMITED,K2F,Software & Services
KAILI RESOURCES LIMITED,KLR,Energy
KAIROS MINERALS LIMITED,KAI,Materials
KAISER REEF LIMITED,KAU,Materials
KALAMAZOO RESOURCES LIMITED,KZR,Materials
KALINA POWER LIMITED,KPO,Utilities
KALIUM LAKES LIMITED,KLL,Materials
KALNORTH GOLD MINES LIMITED,KGM,Materials
KANGAROO ISLAND PLANTATION TIMBERS LTD,KPT,Materials
KAROON ENERGY LTD,KAR,Energy
KATANA CAPITAL LIMITED,KAT,Not Applic
KATHMANDU HOLDINGS LIMITED,KMD,Retailing
KAZIA THERAPEUTICS LIMITED,KZA,"Pharmaceuticals, Biotechnology & Life Sciences"
KELLY PARTNERS GROUP HOLDINGS LIMITED,KPG,Commercial & Professional Services
KEY PETROLEUM LIMITED,KEY,Energy
KEYBRIDGE CAPITAL LIMITED,KBC,Diversified Financials
KEYPATH EDUCATION INTERNATIONAL INC.,KED,Consumer Services
KEYTONE DAIRY CORPORATION LIMITED,KTD,"Food, Beverage & Tobacco"
KFW,KFW,Not Applic
KGL RESOURCES LIMITED,KGL,Materials
KIN MINING NL,KIN,Materials
KINA SECURITIES LIMITED,KSL,Banks
KINCORA COPPER LIMITED,KCC,Materials
KINETIKO ENERGY LTD,KKO,Energy
KING ISLAND SCHEELITE LIMITED,KIS,Materials
KING RIVER RESOURCES LIMITED,KRR,Materials
KINGFISHER MINING LTD,KFM,Materials
KINGFISHER TRUST 2016-1,KIG,Not Applic
KINGFISHER TRUST 2019-1,KI1,Not Applic
KINGSGATE CONSOLIDATED LIMITED.,KCN,Materials
KINGSLAND GLOBAL LTD,KLO,Real Estate
KINGSROSE MINING LIMITED,KRM,Materials
KINGSTON RESOURCES LIMITED,KSN,Materials
KINGWEST RESOURCES LIMITED,KWR,Materials
KIP MCGRATH EDUCATION CENTRES LIMITED,KME,Consumer Services
KIRKLAND LAKE GOLD LTD,KLA,Materials
KKR CREDIT INCOME FUND,KKC,Not Applic
KLEOS SPACE S.A,KSS,Commercial & Professional Services
KNEOMEDIA LIMITED,KNM,Media & Entertainment
KNOSYS LIMITED,KNO,Software & Services
KOGAN.COM LTD,KGN,Retailing
KOGI IRON LIMITED,KFE,Materials
KOLLAKORN CORPORATION LIMITED,KKL,Technology Hardware & Equipment
KOON HOLDINGS LIMITED,KNH,Capital Goods
KOPORE METALS LIMITED,KMT,Materials
KORAB RESOURCES LIMITED,KOR,Materials
KORE POTASH PLC,KP2,Materials
KOREA EXPRESSWAY CORPORATION,KA1,Not Applic
KORVEST LTD,KOV,Capital Goods
KRAKATOA RESOURCES LIMITED,KTA,Materials
KULA GOLD LIMITED,KGD,Materials
KUNIKO LIMITED,KNI,Materials
KYCKR LIMITED,KYK,Software & Services
L1 LONG SHORT FUND LIMITED,LSF,Not Applic
LA TROBE FINANCIAL CAPITAL MARKETS TRUST 2018-1,LTF,Not Applic
LA TROBE FINANCIAL CAPITAL MARKETS TRUST 2018-2,LT1,Not Applic
LA TROBE FINANCIAL CAPITAL MARKETS TRUST 2019-1,LT3,Not Applic
LA TROBE FINANCIAL CAPITAL MARKETS TRUST 2019-2,LT4,Not Applic
LA TROBE FINANCIAL CAPITAL MARKETS TRUST 2020-1,LT5,Not Applic
LA TROBE FINANCIAL CAPITAL MARKETS TRUST 2020-S1,LT6,Not Applic
LACHLAN STAR LIMITED,LSA,Materials
LAKE RESOURCES N.L.,LKE,Materials
LAKES BLUE ENERGY NL,LKO,Energy
LAND & HOMES GROUP LIMITED,LHM,Real Estate
LANEWAY RESOURCES LTD,LNY,Materials
LARAMIDE RESOURCES LTD,LAM,Energy
LARK DISTILLING CO. LTD,LRK,"Food, Beverage & Tobacco"
LASERBOND LIMITED,LBL,Capital Goods
LATIN RESOURCES LIMITED,LRS,Materials
LATITUDE AUSTRALIA CREDIT CARD LOAN NOTE TRUST,LCN,Not Applic
LATITUDE AUSTRALIA PERSONAL LOANS SERIES 2017-1 TRUST,LC1,Not Applic
LATITUDE AUSTRALIA PERSONAL LOANS SERIES 2020-1 TRUST,LC2,Not Applic
LATITUDE CONSOLIDATED LIMITED,LCD,Materials
LATITUDE GROUP HOLDINGS LIMITED,LFS,Diversified Financials
LATROBE MAGNESIUM LIMITED,LMG,Materials
LAWFINANCE LIMITED,LAW,Diversified Financials
LAYBUY GROUP HOLDINGS LIMITED,LBY,Software & Services
LBT INNOVATIONS LIMITED,LBT,Health Care Equipment & Services
LEAF RESOURCES LTD,LER,Materials
LEFROY EXPLORATION LIMITED,LEX,Materials
LEGACY IRON ORE LIMITED,LCY,Materials
LEGEND MINING LIMITED,LEG,Materials
LEIGH CREEK ENERGY LIMITED,LCK,Energy
LENDLEASE GROUP,LLC,Real Estate
LEPIDICO LTD,LPD,Materials
LIBERTY FINANCIAL GROUP,LFG,Banks
LIBERTY FUNDING PTY LTD IN RESPECT OF LIBERTY SERIES 2017-3,LI4,Not Applic
LIBERTY FUNDING PTY LTD IN RESPECT OF LIBERTY SERIES 2017-4,LI1,Not Applic
LIBERTY FUNDING PTY LTD IN RESPECT OF LIBERTY SERIES 2018-1,LI2,Not Applic
LIBERTY FUNDING PTY LTD IN RESPECT OF LIBERTY SERIES 2019-2,LI6,Not Applic
LIBERTY FUNDING PTY LTD IN RESPECT OF THE LIBERTY SERIES 201,LI5,Not Applic
LIBERTY SERIES 2020-2,LI7,Not Applic
LIFE360 INC.,360,Software & Services
LIFESPOT HEALTH LTD,LSH,Health Care Equipment & Services
LIFESTYLE COMMUNITIES LIMITED,LIC,Real Estate
"LIMEADE, INC.",LME,Software & Services
LINCOLN MINERALS LIMITED,LML,Materials
LINDIAN RESOURCES LIMITED,LIN,Materials
LINDSAY AUSTRALIA LIMITED,LAU,Transportation
LINIUS TECHNOLOGIES LIMITED,LNU,Software & Services
LINK ADMINISTRATION HOLDINGS LIMITED,LNK,Software & Services
LION ENERGY LIMITED,LIO,Energy
LION ONE METALS LIMITED,LLO,Materials
LION SELECTION GROUP LIMITED.,LSX,Not Applic
LION SERIES 2020-1 TRUST,LI8,Not Applic
LIONTOWN RESOURCES LIMITED,LTR,Materials
LITHIUM AUSTRALIA NL,LIT,Materials
LITHIUM ENERGY LIMITED,LEL,Materials
LITHIUM POWER INTERNATIONAL LIMITED,LPI,Materials
LITTLE GREEN PHARMA LTD,LGP,"Pharmaceuticals, Biotechnology & Life Sciences"
LIVE VERDURE LTD,LV1,"Food, Beverage & Tobacco"
LIVEHIRE LIMITED,LVH,Software & Services
LIVETILES LIMITED,LVT,Software & Services
LIVING CELL TECHNOLOGIES LIMITED,LCT,"Pharmaceuticals, Biotechnology & Life Sciences"
LLOYDS BANK PLC,LLP,Not Applic
LLOYDS BANKING GROUP PLC,LO1,Not Applic
LOCALITY PLANNING ENERGY HOLDINGS LIMITED,LPE,Utilities
LOCKSLEY RESOURCES LIMITED,LKY,Materials
LODE RESOURCES LTD,LDR,Materials
LODESTAR MINERALS LIMITED,LSR,Materials
LONDON CITY EQUITIES LIMITED,LCE,Diversified Financials
LOS CERROS LIMITED,LCL,Materials
LOTUS RESOURCES LIMITED,LOT,Materials
LOVE GROUP GLOBAL LTD,LVE,Software & Services
LOVISA HOLDINGS LIMITED,LOV,Retailing
LOWELL RESOURCES FUND,LRT,Not Applic
LUCAPA DIAMOND COMPANY LIMITED,LOM,Materials
LUMOS DIAGNOSTICS HOLDINGS LIMITED,LDX,Health Care Equipment & Services
LUNNON METALS LIMITED,LM8,Materials
LYCOPODIUM LIMITED,LYL,Capital Goods
LYNAS RARE EARTHS LIMITED,LYC,Materials
LYNCH GROUP HOLDINGS LIMITED,LGL,"Food, Beverage & Tobacco"
M3 MINING LIMITED,M3M,Materials
M8 SUSTAINABLE LIMITED,M8S,Commercial & Professional Services
MA FINANCIAL GROUP LIMITED,MAF,Diversified Financials
MAAS GROUP HOLDINGS LIMITED,MGH,Capital Goods
MACA LIMITED,MLD,Materials
MACARTHUR MINERALS LIMITED,MIO,Materials
MACH7 TECHNOLOGIES LIMITED,M7T,Health Care Equipment & Services
MACMAHON HOLDINGS LIMITED,MAH,Materials
MACQUARIE BANK LIMITED,MBL,Not Applic
MACQUARIE GROUP LIMITED,MQG,Diversified Financials
MACQUARIE TELECOM GROUP LIMITED,MAQ,Telecommunication Services
MAD PAWS HOLDINGS LIMITED,MPA,Retailing
MADER GROUP LIMITED,MAD,Commercial & Professional Services
MAGELLAN FINANCIAL GROUP LIMITED,MFG,Diversified Financials
MAGELLAN GLOBAL FUND.,MGF,Class Pend
MAGELLAN HIGH CONVICTION TRUST,MHH,Not Applic
MAGGIE BEER HOLDINGS LTD,MBH,"Food, Beverage & Tobacco"
MAGMATIC RESOURCES LIMITED,MAG,Materials
MAGNETIC RESOURCES NL,MAU,Materials
MAGNETITE MINES LIMITED.,MGT,Materials
MAGNIS ENERGY TECHNOLOGIES LTD,MNS,Materials
MAGNUM MINING AND EXPLORATION LIMITED,MGU,Materials
MAGONTEC LIMITED,MGL,Materials
MAINSTREAM GROUP HOLDINGS LIMITED,MAI,Diversified Financials
MAKO GOLD LIMITED,MKG,Materials
MAMBA EXPLORATION LIMITED,M24,Materials
MANAS RESOURCES LIMITED,MSR,Materials
MANDRAKE RESOURCES LIMITED,MAN,Materials
MANHATTAN CORPORATION LIMITED,MHC,Energy
MANUKA RESOURCES LTD.,MKR,Materials
MARINER CORPORATION LIMITED,MCX,Diversified Financials
MARLEY SPOON AG,MMM,Consumer Services
MARMOTA LIMITED,MEU,Energy
MARQUEE RESOURCES LIMITED,MQR,Materials
MARVEL GOLD LIMITED,MVL,Materials
MASTERMYNE GROUP LIMITED,MYE,Materials
MATADOR MINING LIMITED,MZZ,Materials
MATRIX COMPOSITES & ENGINEERING LIMITED,MCE,Energy
MATSA RESOURCES LIMITED,MAT,Materials
MAXIMUS RESOURCES LIMITED,MXR,Materials
MAXITRANS INDUSTRIES LIMITED,MXI,Capital Goods
MAYFIELD CHILDCARE LIMITED,MFD,Consumer Services
MAYFIELD GROUP HOLDINGS LIMITED,MYG,Capital Goods
MAYNE PHARMA GROUP LIMITED,MYX,"Pharmaceuticals, Biotechnology & Life Sciences"
MAYUR RESOURCES LIMITED,MRL,Materials
MC MINING LIMITED,MCM,Energy
MCGRATH LIMITED,MEA,Real Estate
MCMILLAN SHAKESPEARE LIMITED,MMS,Commercial & Professional Services
MCP INCOME OPPORTUNITIES TRUST,MOT,Not Applic
MCP MASTER INCOME TRUST,MXT,Not Applic
MCPHERSON'S LIMITED,MCP,Household & Personal Products
MCS SERVICES LIMITED,MSG,Commercial & Professional Services
MEC RESOURCES LIMITED,MMR,Energy
MEDADVISOR LIMITED,MDR,Health Care Equipment & Services
MEDALLION METALS LIMITED.,MM8,Materials
MEDALLION TRUST SERIES 2014-1P,MPZ,Not Applic
MEDALLION TRUST SERIES 2016-1,MZF,Not Applic
MEDALLION TRUST SERIES 2016-2,MZT,Not Applic
MEDALLION TRUST SERIES 2017-1,MZ1,Not Applic
MEDALLION TRUST SERIES 2017-2,MZ2,Not Applic
MEDIBANK PRIVATE LIMITED,MPL,Insurance
MEDIBIO LIMITED,MEB,Health Care Equipment & Services
MEDICAL DEVELOPMENTS INTERNATIONAL LIMITED,MVP,"Pharmaceuticals, Biotechnology & Life Sciences"
MEDILAND PHARM LIMITED,MPH,Retailing
MEDLAB CLINICAL LIMITED,MDC,"Pharmaceuticals, Biotechnology & Life Sciences"
MEDUSA MINING LIMITED,MML,Materials
MEGADO GOLD LIMITED,MEG,Materials
MEGAPORT LIMITED,MP1,Software & Services
MELBANA ENERGY LIMITED,MAY,Energy
MEMPHASYS LIMITED.,MEM,"Pharmaceuticals, Biotechnology & Life Sciences"
MERCANTILE INVESTMENT COMPANY LTD,MVT,Not Applic
MERCHANT HOUSE INTERNATIONAL LIMITED,MHI,Consumer Durables & Apparel
MERCURY NZ LIMITED,MCY,Utilities
MERIDIAN ENERGY LIMITED,MEZ,Utilities
MESOBLAST LIMITED,MSB,"Pharmaceuticals, Biotechnology & Life Sciences"
METAL BANK LIMITED,MBK,Materials
METAL HAWK LIMITED.,MHK,Materials
METAL TIGER PLC,MTR,Materials
METALICITY LIMITED,MCT,Materials
METALLICA MINERALS LIMITED,MLM,Materials
METALS AUSTRALIA LTD,MLS,Materials
METALS X LIMITED,MLX,Materials
METALSTECH LIMITED,MTC,Materials
METCASH LIMITED,MTS,Food & Staples Retailing
METEORIC RESOURCES NL,MEI,Materials
METGASCO LTD,MEL,Energy
METRO MINING LIMITED,MMI,Materials
METRO PERFORMANCE GLASS LIMITED,MPP,Capital Goods
MFF CAPITAL INVESTMENTS LIMITED,MFF,Not Applic
MGC PHARMACEUTICALS LTD,MXC,"Pharmaceuticals, Biotechnology & Life Sciences"
MICHAEL HILL INTERNATIONAL LIMITED,MHJ,Retailing
MICRO-X LIMITED,MX1,Health Care Equipment & Services
MICROEQUITIES ASSET MANAGEMENT GROUP LIMITED,MAM,Diversified Financials
MIDDLE ISLAND RESOURCES LIMITED,MDI,Materials
MIDWAY LIMITED,MWY,Materials
MIGHTY CRAFT LIMITED,MCL,"Food, Beverage & Tobacco"
MIGHTY KINGDOM LIMITED,MKL,Media & Entertainment
MILLENNIUM SERVICES GROUP LIMITED,MIL,Commercial & Professional Services
MILLINIUM'S ALTERNATIVES FUND.,MAX,Not Applic
MILTON CORPORATION LIMITED,MLT,Not Applic
MINBOS RESOURCES LIMITED,MNB,Materials
MINCOR RESOURCES NL,MCR,Materials
MINDAX LIMITED,MDX,Materials
MINERAL COMMODITIES LTD,MRC,Materials
MINERAL RESOURCES LIMITED,MIN,Materials
MINOTAUR EXPLORATION LTD,MEP,Materials
MINREX RESOURCES LIMITED,MRR,Materials
MIRAMAR RESOURCES LIMITED,M2R,Class Pend
MIRRABOOKA INVESTMENTS LIMITED,MIR,Not Applic
MIRVAC GROUP,MGR,Real Estate
MITCHELL SERVICES LIMITED,MSV,Materials
MITHRIL RESOURCES LIMITED,MTH,Materials
MLG OZ LIMITED,MLG,Materials
MMA OFFSHORE LIMITED,MRM,Energy
MMJ GROUP HOLDINGS LIMITED,MMJ,Not Applic
MNC MEDIA INVESTMENT LTD,MIH,Media & Entertainment
MNF GROUP LIMITED,MNF,Telecommunication Services
MOBILICOM LIMITED,MOB,Technology Hardware & Equipment
MOHO RESOURCES LIMITED,MOH,Materials
MONADELPHOUS GROUP LIMITED,MND,Capital Goods
MONASH IVF GROUP LIMITED,MVF,Health Care Equipment & Services
MONEY3 CORPORATION LIMITED,MNY,Diversified Financials
MONEYME LIMITED,MME,Diversified Financials
MONGER GOLD LTD,MMG,Materials
MONT ROYAL RESOURCES LIMITED,MRZ,Materials
MONTEM RESOURCES LIMITED.,MR1,Class Pend
MORPHIC ETHICAL EQUITIES FUND LIMITED,MEC,Diversified Financials
MOSAIC BRANDS LIMITED,MOZ,Retailing
MOTIO LTD,MXO,Media & Entertainment
MOTORCYCLE HOLDINGS LIMITED,MTO,Retailing
MOUNT BURGESS MINING NL,MTB,Materials
MOUNT GIBSON IRON LIMITED,MGX,Materials
MOUNT RIDLEY MINES LIMITED,MRD,Materials
MPOWER GROUP LIMITED,MPR,Diversified Financials
MRG METALS LIMITED,MRQ,Materials
MSL SOLUTIONS LIMITED.,MSL,Software & Services
MSM CORPORATION INTERNATIONAL LTD,MSM,Media & Entertainment
MT MONGER RESOURCES LIMITED,MTM,Materials
MULTISTACK INTERNATIONAL LIMITED,MSI,Capital Goods
MURRAY COD AUSTRALIA LIMITED,MCA,"Food, Beverage & Tobacco"
MURRAY RIVER ORGANICS GROUP LIMITED,MRG,"Food, Beverage & Tobacco"
MUSGRAVE MINERALS LIMITED,MGV,Materials
MUSTERA PROPERTY GROUP LIMITED,MPX,Real Estate
MY FOOD BAG GROUP LIMITED,MFB,Retailing
MYANMAR METALS LIMITED,MYL,Materials
MYDEAL.COM.AU LIMITED,MYD,Retailing
MYER HOLDINGS LIMITED,MYR,Retailing
MYSTATE LIMITED,MYS,Banks
N1 HOLDINGS LIMITED,N1H,Banks
NAGAMBIE RESOURCES LIMITED,NAG,Materials
NAMOI COTTON LIMITED,NAM,Commercial & Professional Services
NANOLLOSE LIMITED,NC6,"Pharmaceuticals, Biotechnology & Life Sciences"
NANOSONICS LIMITED,NAN,Health Care Equipment & Services
NANOVEU LIMITED,NVU,Technology Hardware & Equipment
NAOS EMERGING OPPORTUNITIES COMPANY LIMITED,NCC,Not Applic
NAOS EX-50 OPPORTUNITIES COMPANY LIMITED,NAC,Not Applic
NAOS SMALL CAP OPPORTUNITIES COMPANY LIMITED,NSC,Not Applic
NATIONAL AUSTRALIA BANK LIMITED,NAB,Banks
NATIONAL HOUSING FINANCE AND INVESTMENT CORPORATION,NFI,Not Applic
NATIONAL RMBS TRUST 2012-2 SERIES 2012-2,NAH,Not Applic
NATIONAL RMBS TRUST 2015-1 SERIES 2015-1,NAJ,Not Applic
NATIONAL RMBS TRUST 2016-1,NRM,Not Applic
NATIONAL RMBS TRUST 2018-1 IN RESPECT OF SERIES 2018-1,NRO,Not Applic
NATIONAL STORAGE REIT,NSR,Real Estate
NATIONAL TYRE & WHEEL LIMITED,NTD,Retailing
NATIVE MINERAL RESOURCES HOLDINGS LIMITED,NMR,Materials
NAVARRE MINERALS LIMITED,NML,Materials
NAVIGATOR GLOBAL INVESTMENTS LIMITED,NGI,Diversified Financials
NB GLOBAL CORPORATE INCOME TRUST,NBI,Not Applic
NEARMAP LTD,NEA,Software & Services
NELSON RESOURCES LIMITED.,NES,Materials
NEOMETALS LTD,NMT,Materials
NETCCENTRIC LIMITED,NCL,Media & Entertainment
NETLINKZ LIMITED,NET,Software & Services
NETWEALTH GROUP LIMITED,NWL,Diversified Financials
NEUREN PHARMACEUTICALS LIMITED,NEU,"Pharmaceuticals, Biotechnology & Life Sciences"
NEUROSCIENTIFIC BIOPHARMACEUTICALS LTD,NSB,"Pharmaceuticals, Biotechnology & Life Sciences"
NEUROTECH INTERNATIONAL LIMITED,NTI,Health Care Equipment & Services
NEW AGE EXPLORATION LIMITED,NAE,Energy
NEW CENTURY RESOURCES LIMITED,NCZ,Materials
NEW ENERGY MINERALS LTD,NXE,Materials
NEW ENERGY SOLAR LIMITED,NEW,Utilities
NEW HOPE CORPORATION LIMITED,NHC,Energy
NEW SOUTH WALES TREASURY CORPORATION,XNC,Not Applic
NEW STANDARD ENERGY LIMITED,NSE,Energy
NEW TALISMAN GOLD MINES LIMITED,NTL,Materials
NEW WORLD RESOURCES LIMITED,NWC,Materials
NEW ZEALAND COASTAL SEAFOODS LIMITED,NZS,"Food, Beverage & Tobacco"
NEW ZEALAND KING SALMON INVESTMENTS LIMITED,NZK,"Food, Beverage & Tobacco"
NEW ZEALAND OIL & GAS LIMITED,NZO,Energy
NEWCREST MINING LIMITED,NCM,Materials
NEWFIELD RESOURCES LIMITED,NWF,Materials
NEWPEAK METALS LIMITED,NPM,Materials
NEWS CORPORATION..,NWS,Media & Entertainment
NEX METALS EXPLORATION LIMITED,NME,Materials
NEXGEN ENERGY (CANADA) LTD,NXG,Energy
NEXION GROUP LTD,NNG,Software & Services
NEXT SCIENCE LIMITED,NXS,Health Care Equipment & Services
NEXTDC LIMITED,NXT,Software & Services
NEXUS MINERALS LIMITED,NXM,Materials
NGE CAPITAL LIMITED,NGE,Not Applic
NIB HOLDINGS LIMITED,NHF,Insurance
NICK SCALI LIMITED,NCK,Retailing
NICKEL MINES LIMITED,NIC,Materials
NICKELX LIMITED,NKL,Materials
NINE ENTERTAINMENT CO. HOLDINGS LIMITED,NEC,Media & Entertainment
NITRO SOFTWARE LIMITED,NTO,Software & Services
NOBLEOAK LIFE LIMITED,NOL,Class Pend
NORDIC INVESTMENT BANK,NIB,Not Applic
NORONEX LIMITED,NRX,Materials
NORTH STAWELL MINERALS LTD,NSM,Class Pend
NORTHERN MINERALS LIMITED,NTU,Materials
NORTHERN STAR RESOURCES LTD,NST,Materials
NORWEST ENERGY NL,NWE,Energy
NORWEST MINERALS LIMITED,NWM,Materials
NORWOOD SYSTEMS LIMITED,NOR,Software & Services
NOVA EYE MEDICAL LIMITED,EYE,Health Care Equipment & Services
NOVA MINERALS LIMITED,NVA,Materials
NOVATTI GROUP LIMITED,NOV,Software & Services
NOVONIX LIMITED,NVX,Technology Hardware & Equipment
NOXOPHARM LIMITED,NOX,"Pharmaceuticals, Biotechnology & Life Sciences"
NRW HOLDINGS LIMITED,NWH,Capital Goods
NSX LIMITED,NSX,Diversified Financials
NUCHEV LIMITED,NUC,"Food, Beverage & Tobacco"
NUCOAL RESOURCES LIMITED,NCR,Materials
NUENERGY GAS LIMITED,NGY,Energy
NUFARM FINANCE (NZ) LIMITED,NFN,Not Applic
NUFARM LIMITED,NUF,Materials
NUHEARA LIMITED,NUH,Technology Hardware & Equipment
NUIX LIMITED,NXL,Software & Services
NUSANTARA RESOURCES LIMITED,NUS,Materials
NUTRITIONAL GROWTH SOLUTIONS LTD,NGS,Household & Personal Products
NYRADA INC.,NYR,"Pharmaceuticals, Biotechnology & Life Sciences"
NZME LIMITED,NZM,Media & Entertainment
OAKAJEE CORPORATION LIMITED,OKJ,Materials
OAKRIDGE INTERNATIONAL LIMITED,OAK,Software & Services
OAR RESOURCES LIMITED,OAR,Materials
OBJECTIVE CORPORATION LIMITED,OCL,Software & Services
OCEAN GROWN ABALONE LIMITED,OGA,"Food, Beverage & Tobacco"
OCEANAGOLD CORPORATION,OGC,Materials
OCEANIA HEALTHCARE LIMITED,OCA,Health Care Equipment & Services
OCTANEX LIMITED,OXX,Energy
ODIN METALS LIMITED,ODM,Materials
ODYSSEY GOLD LTD,ODY,Materials
OFX GROUP LIMITED,OFX,Diversified Financials
OIL SEARCH LIMITED,OSH,Energy
OILEX LTD,OEX,Energy
OKAPI RESOURCES LIMITED,OKR,Materials
OKLO RESOURCES LIMITED,OKU,Materials
OLDFIELDS HOLDINGS LIMITED,OLH,Capital Goods
OLIVER'S REAL FOOD LIMITED,OLI,Consumer Services
OM HOLDINGS LIMITED,OMH,Materials
OMNI BRIDGEWAY LIMITED,OBL,Diversified Financials
ONCOSIL MEDICAL LTD,OSL,"Pharmaceuticals, Biotechnology & Life Sciences"
ONEVIEW HEALTHCARE PLC,ONE,Health Care Equipment & Services
OOH!MEDIA LIMITED,OML,Media & Entertainment
OOKAMI LIMITED,OOK,Software & Services
OPENLEARNING LIMITED,OLL,Software & Services
OPENN NEGOTIATION LIMITED,OPN,Class Pend
OPENPAY GROUP LTD,OPY,Diversified Financials
OPHIR HIGH CONVICTION FUND,OPH,Not Applic
OPTHEA LIMITED,OPT,"Pharmaceuticals, Biotechnology & Life Sciences"
OPTISCAN IMAGING LIMITED,OIL,Health Care Equipment & Services
OPYL LIMITED,OPL,Software & Services
ORA BANDA MINING LTD,OBM,Materials
ORA GOLD LIMITED,OAU,Materials
ORBITAL CORPORATION LIMITED,OEC,Capital Goods
ORCODA LIMITED,ODA,Software & Services
ORDINARY (UNLISTED/LISTED - COSACS),ZOR,Not Applic
ORECORP LIMITED,ORR,Materials
ORICA LIMITED,ORI,Materials
ORIGIN ENERGY LIMITED,ORG,Energy
ORION EQUITIES LIMITED,OEQ,Diversified Financials
ORION METALS LIMITED,ORM,Materials
ORION MINERALS LTD,ORN,Materials
ORMINEX LTD,ONX,Materials
OROCOBRE LIMITED,ORE,Materials
ORORA LIMITED,ORA,Materials
ORTHOCELL LIMITED,OCC,"Pharmaceuticals, Biotechnology & Life Sciences"
OSPREY MEDICAL INC,OSP,Health Care Equipment & Services
OSTEOPORE LIMITED,OSX,Health Care Equipment & Services
OTTO ENERGY LIMITED,OEL,Energy
OVATO LIMITED,OVT,Commercial & Professional Services
OVENTUS MEDICAL LIMITED,OVN,Health Care Equipment & Services
OVER THE WIRE HOLDINGS LIMITED,OTW,Software & Services
OZ MINERALS LIMITED,OZL,Materials
OZAURUM RESOURCES LIMITED,OZM,Materials
OZGROWTH LIMITED,OZG,Not Applic
OZZ RESOURCES LIMITED,OZZ,Materials
PACGOLD LIMITED,PGO,Materials
PACIFIC AMERICAN HOLDINGS LIMITED,PAK,Materials
PACIFIC BAUXITE LIMITED,PBX,Materials
PACIFIC CURRENT GROUP LIMITED,PAC,Diversified Financials
PACIFIC NICKEL MINES LIMITED,PNM,Materials
PACIFIC SMILES GROUP LIMITED,PSQ,Health Care Equipment & Services
PACT GROUP HOLDINGS LTD,PGH,Materials
PAINCHEK LTD,PCK,Health Care Equipment & Services
PALADIN ENERGY LTD,PDN,Energy
PALLA PHARMA LIMITED,PAL,"Pharmaceuticals, Biotechnology & Life Sciences"
PAN ASIA METALS LIMITED,PAM,Materials
PANCONTINENTAL OIL & GAS NL,PCL,Energy
PANORAMIC RESOURCES LIMITED,PAN,Materials
PANTERA MINERALS LIMITED,PFE,Materials
PANTORO LIMITED,PNR,Materials
PAPYRUS AUSTRALIA LIMITED,PPY,Materials
PARADIGM BIOPHARMACEUTICALS LIMITED..,PAR,"Pharmaceuticals, Biotechnology & Life Sciences"
PARAGON CARE LIMITED,PGC,Health Care Equipment & Services
PARINGA RESOURCES LIMITED,PNL,Energy
PARKD LTD,PKD,Commercial & Professional Services
PARKWAY MINERALS NL,PWN,Materials
PARTNERS GROUP GLOBAL INCOME FUND,PGG,Not Applic
PATERSON RESOURCES LTD,PSL,Materials
PATHFINDER RESOURCES LTD,PF1,Materials
PATRYS LIMITED,PAB,"Pharmaceuticals, Biotechnology & Life Sciences"
PAYGROUP LIMITED,PYG,Software & Services
PAYRIGHT LIMITED,PYR,Diversified Financials
PEAK MINERALS LIMITED,PUA,Materials
PEAK RESOURCES LIMITED,PEK,Materials
PEAKO LIMITED,PKO,Materials
PEARL GLOBAL LIMITED,PG1,Commercial & Professional Services
PEEL MINING LIMITED,PEX,Materials
PEET LIMITED,PPC,Real Estate
PENDAL GROUP LIMITED,PDL,Diversified Financials
PENGANA CAPITAL GROUP LIMITED,PCG,Diversified Financials
PENGANA INTERNATIONAL EQUITIES LIMITED,PIA,Not Applic
PENGANA PRIVATE EQUITY TRUST,PE1,Not Applic
PENINSULA ENERGY LIMITED,PEN,Energy
PENTAL LIMITED,PTL,Household & Personal Products
PENTANET LIMITED,5GG,Telecommunication Services
PEOPLE INFRASTRUCTURE LTD,PPE,Commercial & Professional Services
PEPINNINI MINERALS LIMITED,PNN,Materials
PEPPER I-PRIME 2017-3 TRUST,PEP,Not Applic
PEPPER MONEY LIMITED,PPM,Banks
PEPPER RESIDENTIAL SECURITIES TRUST NO 22,PEU,Not Applic
PEPPER RESIDENTIAL SECURITIES TRUST NO. 20,PER,Not Applic
PEPPER RESIDENTIAL SECURITIES TRUST NO. 21,PES,Not Applic
PEPPER RESIDENTIAL SECURITIES TRUST NO. 23,PU1,Not Applic
PEPPER RESIDENTIAL SECURITIES TRUST NO.28,PEV,Not Applic
PEPPER SPARKZ TRUST NO. 2,PU3,Not Applic
PEPPER SPARKZ TRUST NO.1,PUS,Not Applic
PEPPER SPARKZ TRUST NO.3,PU4,Not Applic
PEPPERMINT INNOVATION LIMITED,PIL,Software & Services
PEREGRINE GOLD LTD,PGD,Materials
PERENTI GLOBAL LIMITED,PRN,Materials
PERPETUAL CREDIT INCOME TRUST,PCI,Not Applic
PERPETUAL EQUITY INVESTMENT COMPANY LIMITED,PIC,Not Applic
PERPETUAL LIMITED,PPT,Diversified Financials
PERPETUAL RESOURCES LIMITED,PEC,Materials
PERSEUS MINING LIMITED,PRU,Materials
PETER WARREN AUTOMOTIVE HOLDINGS LIMITED,PWR,Retailing
PETRATHERM LTD,PTR,Materials
PETSEC ENERGY LIMITED,PSA,Energy
PEXA GROUP LIMITED,PXA,Real Estate
PHARMAUST LIMITED,PAA,"Pharmaceuticals, Biotechnology & Life Sciences"
PHARMAXIS LTD,PXS,"Pharmaceuticals, Biotechnology & Life Sciences"
PHOSLOCK ENVIRONMENTAL TECHNOLOGIES LIMITED,PET,Commercial & Professional Services
PIEDMONT LITHIUM INC.,PLL,Materials
PILBARA MINERALS LIMITED,PLS,Materials
PILOT ENERGY LIMITED,PGY,Energy
PINNACLE INVESTMENT MANAGEMENT GROUP LIMITED,PNI,Diversified Financials
PIONEER CREDIT LIMITED,PNC,Diversified Financials
PIVOTAL SYSTEMS CORPORATION,PVS,Semiconductors & Semiconductor Equipment
PKS HOLDINGS LIMITED,PKS,Health Care Equipment & Services
PLACES FOR PEOPLE TREASURY PLC,PPZ,Not Applic
PLATINA RESOURCES LIMITED,PGM,Materials
PLATINUM ASIA INVESTMENTS LIMITED,PAI,Not Applic
PLATINUM ASSET MANAGEMENT LIMITED,PTM,Diversified Financials
PLATINUM CAPITAL LIMITED,PMC,Not Applic
PLATO INCOME MAXIMISER LIMITED.,PL8,Not Applic
PLAYSIDE STUDIOS LIMITED,PLY,Media & Entertainment
PLENTI GROUP LIMITED,PLT,Diversified Financials
PLEXURE GROUP LIMITED,PX1,Software & Services
PM CAPITAL ASIAN OPPORTUNITIES FUND LIMITED,PAF,Not Applic
PM CAPITAL GLOBAL OPPORTUNITIES FUND LIMITED,PGF,Not Applic
PNX METALS LIMITED,PNX,Materials
PO VALLEY ENERGY LIMITED,PVE,Energy
PODIUM MINERALS LIMITED,POD,Materials
POINTERRA LIMITED,3DP,Software & Services
POINTSBET HOLDINGS LIMITED,PBH,Consumer Services
POLARX LIMITED,PXX,Materials
POLYMETALS RESOURCES LTD,POL,Class Pend
POLYNOVO LIMITED,PNV,Health Care Equipment & Services
POSEIDON NICKEL LIMITED,POS,Materials
POWERHOUSE VENTURES LIMITED,PVL,Diversified Financials
PPK GROUP LIMITED,PPK,Capital Goods
PRAEMIUM LIMITED,PPS,Software & Services
PRAIRIE MINING LIMITED,PDZ,Materials
PREDICTIVE DISCOVERY LIMITED,PDI,Materials
PREMIER INVESTMENTS LIMITED,PMV,Retailing
PRESCIENT THERAPEUTICS LIMITED,PTX,"Pharmaceuticals, Biotechnology & Life Sciences"
PRIME FINANCIAL GROUP LIMITED,PFG,Diversified Financials
PRIME MEDIA GROUP LIMITED,PRT,Media & Entertainment
PRO MEDICUS LIMITED,PME,Health Care Equipment & Services
PRO-PAC PACKAGING LIMITED,PPG,Materials
PROBIOTEC LIMITED,PBP,"Pharmaceuticals, Biotechnology & Life Sciences"
PRODIGY GOLD NL,PRX,Materials
PROGRESS 2017-2 TRUST,POT,Not Applic
PROGRESS 2018-1 TRUST,POV,Not Applic
PROGRESS 2019-1 TRUST,POX,Not Applic
PROGRESS 2020-1 TRUST,POA,Not Applic
PROMINENCE ENERGY LIMITED,PRM,Energy
PROPEL FUNERAL PARTNERS LIMITED,PFP,Consumer Services
PROPELL HOLDINGS LIMITED,PHL,Diversified Financials
PROPERTY CONNECT HOLDINGS LIMITED,PCH,Media & Entertainment
PROPHECY INTERNATIONAL HOLDINGS LIMITED,PRO,Software & Services
PROPTECH GROUP LIMITED,PTG,Software & Services
PROSPA GROUP LIMITED.,PGL,Diversified Financials
PROSPECH LIMITED.,PRS,Materials
PROSPECT RESOURCES LIMITED,PSC,Materials
PROTEAN ENERGY LIMITED,POW,Capital Goods
PROTEOMICS INTERNATIONAL LABORATORIES LTD,PIQ,"Pharmaceuticals, Biotechnology & Life Sciences"
PROVINCE RESOURCES LTD,PRL,Materials
PSC INSURANCE GROUP LIMITED,PSI,Insurance
PTB GROUP LIMITED,PTB,Capital Goods
PUMA MASTERFUND P-16,PUB,Not Applic
PUMA SERIES 2013-1,PUJ,Not Applic
PUMA SERIES 2014-1,PUK,Not Applic
PUMA SERIES 2014-2,PUO,Not Applic
PUMA SERIES 2014-4P,PUQ,Not Applic
PUMA SERIES 2015-1,PUU,Not Applic
PUMA SERIES 2017-1,PUZ,Not Applic
PUMA SERIES 2019-1,PU2,Not Applic
PURE FOODS TASMANIA LIMITED,PFT,"Food, Beverage & Tobacco"
PURE HYDROGEN CORPORATION LIMITED,PH2,Energy
PUREPROFILE LTD,PPL,Media & Entertainment
PURIFLOH LIMITED,PO3,Utilities
PURSUIT MINERALS LTD,PUR,Materials
PUSHPAY HOLDINGS LIMITED,PPH,Software & Services
PVW RESOURCES LIMITED,PVW,Materials
PWR HOLDINGS LIMITED,PWH,Automobiles & Components
PYC THERAPEUTICS LIMITED,PYC,"Pharmaceuticals, Biotechnology & Life Sciences"
Q TECHNOLOGY GROUP LIMITED,QTG,Technology Hardware & Equipment
QANTAS AIRWAYS LIMITED,QAN,Transportation
QANTM INTELLECTUAL PROPERTY LIMITED,QIP,Commercial & Professional Services
QBE INSURANCE GROUP LIMITED,QBE,Insurance
QEM LIMITED,QEM,Materials
QMINES LIMITED,QML,Materials
QNB FINANCE LTD,QNB,Not Applic
QUALITAS REAL ESTATE INCOME FUND,QRI,Not Applic
QUANTUM GRAPHITE LIMITED,QGL,Materials
QUANTUM HEALTH GROUP LIMITED,QTM,Health Care Equipment & Services
QUBE HOLDINGS LIMITED,QUB,Transportation
QUEENSLAND PACIFIC METALS LIMITED,QPM,Materials
QUEENSLAND TREASURY CORPORATION,XQL,Not Applic
QUESTE COMMUNICATIONS LIMITED,QUE,Diversified Financials
QUICKFEE LIMITED,QFE,Diversified Financials
QUICKSTEP HOLDINGS LIMITED,QHL,Capital Goods
QV EQUITIES LIMITED,QVE,Not Applic
QX RESOURCES LIMITED,QXR,Materials
R3D RESOURCES LIMITED,R3D,Media & Entertainment
RACE ONCOLOGY LTD,RAC,"Pharmaceuticals, Biotechnology & Life Sciences"
RAFAELLA RESOURCES LTD.,RFR,Materials
RAGNAR METALS LIMITED,RAG,Materials
RAGUSA MINERALS LTD,RAS,Diversified Financials
RAIDEN RESOURCES LIMITED,RDN,Materials
RAIZ INVEST LIMITED,RZI,Diversified Financials
RAMELIUS RESOURCES LIMITED,RMS,Materials
RAMSAY HEALTH CARE LIMITED,RHC,Health Care Equipment & Services
RAND MINING LIMITED,RND,Materials
RANGE INTERNATIONAL LIMITED,RAN,Materials
RAPTIS GROUP LIMITED,RPG,Real Estate
RAREX LIMITED,REE,Materials
RBR GROUP LIMITED,RBR,Materials
REA GROUP LTD,REA,Media & Entertainment
READCLOUD LIMITED,RCL,Software & Services
READYTECH HOLDINGS LIMITED,RDY,Software & Services
RECCE PHARMACEUTICALS LTD,RCE,"Pharmaceuticals, Biotechnology & Life Sciences"
RECKON LIMITED,RKN,Software & Services
RECTIFIER TECHNOLOGIES LTD,RFT,Capital Goods
RED 5 LIMITED,RED,Materials
RED HILL IRON LIMITED,RHI,Materials
RED METAL LIMITED,RDM,Materials
RED MOUNTAIN MINING LIMITED,RMX,Materials
RED RIVER RESOURCES LIMITED,RVR,Materials
RED SKY ENERGY LIMITED.,ROG,Energy
REDBANK COPPER LIMITED,RCP,Materials
REDBUBBLE LIMITED,RBL,Retailing
REDCAPE HOTEL GROUP,RDC,Consumer Services
REDFLOW LIMITED,RFX,Capital Goods
REDHILL EDUCATION LIMITED,RDH,Consumer Services
REDSTONE RESOURCES LIMITED,RDS,Materials
REECE LIMITED,REH,Capital Goods
REEDY LAGOON CORPORATION LIMITED,RLC,Materials
REEF CASINO TRUST,RCT,Consumer Services
REGAL INVESTMENT FUND,RF1,Not Applic
REGENEUS LTD,RGS,"Pharmaceuticals, Biotechnology & Life Sciences"
REGIONAL EXPRESS HOLDINGS LIMITED,REX,Transportation
REGIS HEALTHCARE LIMITED,REG,Health Care Equipment & Services
REGIS RESOURCES LIMITED,RRL,Materials
REGISTRY DIRECT LIMITED,RD1,Software & Services
RELIANCE WORLDWIDE CORPORATION LIMITED,RWC,Capital Goods
RENASCOR RESOURCES LIMITED,RNU,Energy
RENEGADE EXPLORATION LIMITED,RNX,Materials
RENERGEN LIMITED,RLT,Energy
RENT.COM.AU LIMITED,RNT,Media & Entertainment
RENU ENERGY LIMITED,RNE,Utilities
RESAPP HEALTH LIMITED,RAP,Health Care Equipment & Services
RESIMAC BASTILLE TRUST IN RESPECT OF RESIMAC SERIES 2018-1NC,RTD,Not Applic
RESIMAC BASTILLE TRUST SERIES 2017-1NC,RT9,Not Applic
RESIMAC GROUP LTD,RMC,Banks
RESIMAC PREMIER SERIES 2020-1,RA2,Not Applic
RESIMAC PREMIER SERIES 2020-2,RA1,Not Applic
RESIMAC TRIOMPHE TRUST PREMIER 2017-2,RTC,Not Applic
"RESIMAC TRIOMPHE TRUST, RESIMAC PREMIER SERIES 2018-1",RT1,Not Applic
RESMED INC,RMD,Health Care Equipment & Services
RESOLUTE MINING LIMITED,RSG,Materials
RESOLUTION MINERALS LTD,RML,Materials
RESONANCE HEALTH LIMITED,RHT,Health Care Equipment & Services
RESOURCE BASE LIMITED.,RBX,Materials
RESOURCE DEVELOPMENT GROUP LIMITED,RDG,Capital Goods
RESOURCE GENERATION LIMITED,RES,Energy
RESOURCE MINING CORPORATION LIMITED,RMI,Materials
RESOURCES & ENERGY GROUP LIMITED,REZ,Materials
RESPIRI LIMITED,RSH,Health Care Equipment & Services
RESTAURANT BRANDS NEW ZEALAND LIMITED,RBD,Consumer Services
RETAIL FOOD GROUP LIMITED,RFG,Consumer Services
"RETECH TECHNOLOGY CO., LIMITED",RTE,Consumer Services
REVASUM INC.,RVS,Semiconductors & Semiconductor Equipment
REVERSE CORP LIMITED,REF,Telecommunication Services
REWARD MINERALS LTD,RWD,Materials
REWARDLE HOLDINGS LIMITED,RXH,Media & Entertainment
REX MINERALS LIMITED,RXM,Materials
REY RESOURCES LIMITED,REY,Energy
RHINOMED LIMITED,RNO,"Pharmaceuticals, Biotechnology & Life Sciences"
RHIPE LIMITED,RHP,Software & Services
RHYTHM BIOSCIENCES LIMITED,RHY,Health Care Equipment & Services
RICEGROWERS LIMITED,SGL,"Food, Beverage & Tobacco"
RIDLEY CORPORATION LIMITED,RIC,"Food, Beverage & Tobacco"
RIEDEL RESOURCES LIMITED,RIE,Materials
RIGHTCROWD LIMITED,RCW,Software & Services
RIMFIRE PACIFIC MINING NL,RIM,Materials
RINCON RESOURCES LIMITED,RCR,Materials
RIO TINTO LIMITED,RIO,Materials
RIVERSGOLD LIMITED,RGL,Materials
RMA ENERGY LIMITED,RMT,Materials
RMA GLOBAL LIMITED,RMY,Media & Entertainment
RMG LIMITED,RMG,Materials
ROOLIFE GROUP LTD,RLG,Media & Entertainment
ROOTS SUSTAINABLE AGRICULTURAL TECHNOLOGIES LTD,ROO,Capital Goods
ROTO-GRO INTERNATIONAL LIMITED,RGI,Capital Goods
ROX RESOURCES LIMITED,RXL,Materials
RPM AUTOMOTIVE GROUP LIMITED,RPM,Automobiles & Components
RPMGLOBAL HOLDINGS LIMITED,RUL,Software & Services
RTG MINING INC.,RTG,Materials
RUBY BOND TRUST 2020-1,RB1,Not Applic
RUMBLE RESOURCES LIMITED,RTR,Materials
RURAL FUNDS GROUP,RFF,Real Estate
RYDER CAPITAL LIMITED,RYD,Not Applic
S2 RESOURCES LTD,S2R,Materials
SABRE RESOURCES LIMITED,SBR,Materials
SACGASCO LIMITED,SGC,Energy
SAFEROADS HOLDINGS LIMITED,SRH,Transportation
SAGALIO ENERGY LIMITED,SAN,Energy
SALT LAKE POTASH LIMITED,SO4,Materials
SALTER BROTHERS EMERGING COMPANIES LIMITED,SB2,Not Applic
SANDFIRE RESOURCES LIMITED,SFR,Materials
SANDON CAPITAL INVESTMENTS LIMITED,SNC,Not Applic
SANTA FE MINERALS LTD,SFM,Materials
SANTANA MINERALS LIMITED,SMI,Materials
SANTOS FINANCE LIMITED,SFV,Not Applic
SANTOS LIMITED,STO,Energy
SAPPHIRE XXI SERIES 2019-1 TRUST,SPW,Not Applic
SATURN METALS LIMITED,STN,Materials
SAUNDERS INTERNATIONAL LIMITED,SND,Capital Goods
SAYONA MINING LIMITED,SYA,Materials
SCENTRE GROUP,SCG,Real Estate
SCENTRE GROUP TRUST 1,SCW,Real Estate
SCENTRE GROUP TRUST 1 AND SCENTRE GROUP TRUST 2,SCA,Not Applic
SCHAFFER CORPORATION LIMITED,SFC,Automobiles & Components
SCHROLE GROUP LTD,SCL,Software & Services
SCIDEV LTD,SDV,Materials
SCORPION MINERALS LIMITED,SCN,Materials
SCOUT SECURITY LIMITED,SCT,Consumer Services
SDI LIMITED,SDI,Health Care Equipment & Services
SEAFARMS GROUP LIMITED,SFG,"Food, Beverage & Tobacco"
SEALINK TRAVEL GROUP LIMITED,SLK,Consumer Services
SECOS GROUP LTD,SES,Materials
SECURITY MATTERS LIMITED,SMX,Software & Services
SEEK LIMITED,SEK,Media & Entertainment
SELECT HARVESTS LIMITED,SHV,"Food, Beverage & Tobacco"
SELFWEALTH LIMITED,SWF,Diversified Financials
SENETAS CORPORATION LIMITED,SEN,Technology Hardware & Equipment
SENEX ENERGY LIMITED,SXY,Energy
SENSEN NETWORKS LIMITED,SNS,Software & Services
SENSERA LIMITED,SE1,Semiconductors & Semiconductor Equipment
SEQUOIA FINANCIAL GROUP LTD,SEQ,Diversified Financials
SERIES 2012-1 WST TRUST,WSO,Not Applic
SERIES 2012-1E REDS TRUST,RFB,Not Applic
SERIES 2013-1 HARVEY TRUST,HTB,Not Applic
SERIES 2013-1 WST TRUST,WSQ,Not Applic
SERIES 2013-2 WST TRUST,WSD,Not Applic
SERIES 2014-1 WST TRUST,WSZ,Not Applic
SERIES 2014-2 WST TRUST,WEK,Not Applic
SERIES 2015-1 WST TRUST,WEJ,Not Applic
SERIES 2017-1 REDS TRUST,RFC,Not Applic
SERIES 2018-1 REDS EHP TRUST,RT2,Not Applic
SERIES 2018-1 REDS TRUST,RFE,Not Applic
SERIES 2019-1 REDS TRUST,BA2,Not Applic
SERIES 2019-1 WST TRUST,WE1,Not Applic
SERIES 2020-1 WST TRUST,WB1,Not Applic
SERKO LIMITED,SKO,Software & Services
SERVCORP LIMITED,SRV,Real Estate
SERVICE STREAM LIMITED,SSM,Capital Goods
SEVEN GROUP HOLDINGS LIMITED,SVW,Capital Goods
SEVEN WEST MEDIA LIMITED,SWM,Media & Entertainment
SEZZLE INC.,SZL,Software & Services
SG FLEET GROUP LIMITED,SGF,Commercial & Professional Services
SHAVER SHOP GROUP LIMITED,SSG,Retailing
SHEFFIELD RESOURCES LIMITED,SFX,Materials
SHEKEL BRAINWEIGH LTD,SBW,Software & Services
SHINE JUSTICE LTD,SHJ,Consumer Services
SHINHAN BANK.,SHZ,Not Applic
SHOPPING CENTRES AUSTRALASIA PROPERTY GROUP,SCP,Real Estate
SHREE MINERALS LIMITED,SHH,Materials
SHRIRO HOLDINGS LIMITED,SHM,Consumer Durables & Apparel
SI6 METALS LIMITED,SI6,Materials
SIETEL LIMITED,SSL,Real Estate
SIGMA HEALTHCARE LIMITED,SIG,Health Care Equipment & Services
SIHAYO GOLD LIMITED,SIH,Materials
SILEX SYSTEMS LIMITED,SLX,Semiconductors & Semiconductor Equipment
SILK LASER AUSTRALIA LIMITED,SLA,Health Care Equipment & Services
SILK LOGISTICS HOLDINGS LIMITED,SLH,Transportation
SILVER CITY MINERALS LIMITED,SCI,Materials
SILVER HERITAGE GROUP LIMITED,SVH,Consumer Services
SILVER LAKE RESOURCES LIMITED,SLR,Materials
SILVER MINES LIMITED,SVL,Materials
SIMBLE SOLUTIONS LIMITED,SIS,Software & Services
SIMONDS GROUP LIMITED,SIO,Consumer Durables & Apparel
SIMS LIMITED,SGM,Materials
SINGULAR HEALTH GROUP LTD,SHG,Health Care Equipment & Services
SIPA RESOURCES LIMITED,SRI,Materials
SIREN GOLD LIMITED,SNG,Materials
SITE GROUP INTERNATIONAL LIMITED,SIT,Consumer Services
SIV CAPITAL LIMITED,SIV,Capital Goods
SKIN ELEMENTS LIMITED,SKN,Household & Personal Products
SKS TECHNOLOGIES GROUP LIMITED,SKS,Capital Goods
SKY AND SPACE COMPANY LTD,SAS,Telecommunication Services
SKY METALS LIMITED,SKY,Materials
SKY NETWORK TELEVISION LIMITED.,SKT,Media & Entertainment
SKYCITY ENTERTAINMENT GROUP LIMITED,SKC,Consumer Services
SKYFII LTD,SKF,Software & Services
SLATER & GORDON LIMITED,SGH,Consumer Services
SMART ABS SERIES 2017-2 TRUST,SS7,Not Applic
SMART ABS SERIES 2019-1 TRUST,SM9,Not Applic
SMART PARKING LIMITED,SPZ,Technology Hardware & Equipment
SMARTGROUP CORPORATION LTD,SIQ,Commercial & Professional Services
SMARTPAY HOLDINGS LIMITED,SMP,Software & Services
SMILES INCLUSIVE LIMITED,SIL,Health Care Equipment & Services
SOMNOMED LIMITED,SOM,Health Care Equipment & Services
SONIC HEALTHCARE LIMITED,SHL,Health Care Equipment & Services
SOON MINING LIMITED,SMG,Materials
SOUTH HARZ POTASH LTD,SHP,Materials
SOUTH32 LIMITED,S32,Materials
SOUTHERN CROSS ELECTRICAL ENGINEERING LTD,SXE,Capital Goods
SOUTHERN CROSS MEDIA GROUP LIMITED,SXL,Media & Entertainment
SOUTHERN GOLD LIMITED,SAU,Materials
SOUTHERN HEMISPHERE MINING LIMITED,SUH,Materials
SOVEREIGN CLOUD HOLDINGS LIMITED,SOV,Software & Services
SOVEREIGN METALS LIMITED,SVM,Materials
SPACETALK LTD,SPA,Media & Entertainment
SPARC TECHNOLOGIES LIMITED,SPN,Materials
SPARK INFRASTRUCTURE GROUP,SKI,Utilities
SPARK NEW ZEALAND LIMITED,SPK,Telecommunication Services
SPDR S&P/ASX 200 FUND,STW,Not Applic
SPDR S&P/ASX 200 LISTED PROPERTY FUND,SLF,Not Applic
SPDR S&P/ASX 50 FUND,SFY,Not Applic
SPECTUR LIMITED,SP3,Technology Hardware & Equipment
SPHERIA EMERGING COMPANIES LIMITED,SEC,Not Applic
SPIRIT TECHNOLOGY SOLUTIONS LTD,ST1,Telecommunication Services
SPLITIT PAYMENTS LTD,SPT,Software & Services
SPORTS ENTERTAINMENT GROUP LIMITED,SEG,Media & Entertainment
SPORTSHERO LIMITED,SHO,Media & Entertainment
SPRINTEX LIMITED,SIX,Automobiles & Components
SRG GLOBAL LIMITED,SRG,Capital Goods
SRJ TECHNOLOGIES GROUP PLC,SRJ,Energy
SSR MINING INC.,SSR,Materials
ST BARBARA LIMITED,SBM,Materials
ST GEORGE MINING LIMITED,SGQ,Materials
STANDARD CHARTERED PLC,SCD,Not Applic
STANMORE RESOURCES LIMITED,SMR,Energy
STAR COMBO PHARMA LIMITED,S66,Household & Personal Products
STARPHARMA HOLDINGS LIMITED,SPL,"Pharmaceuticals, Biotechnology & Life Sciences"
STATE GAS LIMITED,GAS,Energy
STAVELY MINERALS LIMITED,SVY,Materials
STEADFAST GROUP LIMITED,SDF,Insurance
STEALTH GLOBAL HOLDINGS LTD,SGI,Capital Goods
STEAMSHIPS TRADING COMPANY LIMITED,SST,Capital Goods
STELLAR RESOURCES LIMITED,SRZ,Materials
STEMCELL UNITED LIMITED,SCU,"Pharmaceuticals, Biotechnology & Life Sciences"
STOCKLAND,SGP,Real Estate
STONEHORSE ENERGY LIMITED,SHE,Energy
STORY-I LIMITED,SRY,Retailing
STRAKER TRANSLATIONS LIMITED,STG,Media & Entertainment
STRANDLINE RESOURCES LIMITED,STA,Materials
STRATEGIC ELEMENTS LIMITED,SOR,Diversified Financials
STRATEGIC ENERGY RESOURCES LIMITED,SER,Materials
STRICKLAND METALS LIMITED,STK,Materials
STRIKE ENERGY LIMITED,STX,Energy
STRIKE RESOURCES LIMITED,SRK,Materials
STRUCTURAL MONITORING SYSTEMS PLC,SMN,Technology Hardware & Equipment
SUDA PHARMACEUTICALS LTD,SUD,"Pharmaceuticals, Biotechnology & Life Sciences"
SULTAN RESOURCES LTD,SLZ,Materials
SUMMERSET GROUP HOLDINGS LIMITED,SNZ,Health Care Equipment & Services
SUNCORP GROUP LIMITED,SUN,Insurance
SUNCORP-METWAY LIMITED .,SBK,Insurance
SUNLAND GROUP LIMITED,SDG,Real Estate
SUNRISE ENERGY METALS LIMITED,SRL,Commercial & Professional Services
SUNSHINE GOLD LIMITED,SHN,Materials
SUNSTONE METALS LTD,STM,Materials
SUNVEST CORPORATION LIMITED,SVS,Not Applic
SUPER RETAIL GROUP LIMITED,SUL,Retailing
SUPERIOR LAKE RESOURCES LIMITED,SUP,Materials
SUPERIOR RESOURCES LIMITED,SPQ,Materials
SUPERLOOP LIMITED,SLC,Telecommunication Services
SUPPLY NETWORK LIMITED,SNL,Retailing
SUREFIRE RESOURCES NL,SRN,Materials
SUVO STRATEGIC MINERALS LIMITED,SUV,Materials
SWICK MINING SERVICES LTD,SWK,Materials
SWIFT MEDIA LIMITED,SW1,Media & Entertainment
SWOOP HOLDINGS LIMITED,SWP,Telecommunication Services
SYDNEY AIRPORT,SYD,Transportation
SYNERTEC CORPORATION LIMITED,SOP,Commercial & Professional Services
SYNLAIT MILK LIMITED,SM1,"Food, Beverage & Tobacco"
SYNTONIC LIMITED,SYT,Software & Services
SYRAH RESOURCES LIMITED,SYR,Materials
TABCORP HOLDINGS LIMITED,TAH,Consumer Services
TALGA GROUP LTD,TLG,Materials
TALI DIGITAL LIMITED,TD1,Health Care Equipment & Services
TALISMAN MINING LIMITED,TLM,Materials
TALON ENERGY LTD,TPD,Energy
TAMASKA OIL AND GAS LTD,TMK,Energy
TAMAWOOD LIMITED,TWD,Consumer Durables & Apparel
TAMBORAN RESOURCES LIMITED,TBN,Energy
TAMBOURAH METALS LTD,TMB,Class Pend
TANAMI GOLD NL,TAM,Materials
TANGA RESOURCES LIMITED,TRL,Materials
TARUGA MINERALS LIMITED,TAR,Materials
TASFOODS LIMITED,TFL,"Food, Beverage & Tobacco"
TASMAN RESOURCES LTD,TAS,Materials
TASSAL GROUP LIMITED,TGR,"Food, Beverage & Tobacco"
TBG DIAGNOSTICS LIMITED,TDL,"Pharmaceuticals, Biotechnology & Life Sciences"
TEAMINVEST PRIVATE GROUP LIMITED,TIP,Diversified Financials
TECHGEN METALS LTD,TG1,Materials
TECHNOLOGY METALS AUSTRALIA LIMITED,TMT,Materials
TECHNOLOGY ONE LIMITED,TNE,Software & Services
TELIX PHARMACEUTICALS LIMITED,TLX,"Pharmaceuticals, Biotechnology & Life Sciences"
TELSTRA CORPORATION LIMITED.,TLS,Telecommunication Services
TEMPEST MINERALS LIMITED,TEM,Materials
TEMPLE & WEBSTER GROUP LTD,TPW,Retailing
TEMPLETON GLOBAL GROWTH FUND LIMITED,TGG,Not Applic
TEMPO AUSTRALIA LTD,TPP,Commercial & Professional Services
TEMPUS RESOURCES LTD,TMR,Materials
TENNANT MINERALS NL,TMS,Materials
TERRACOM LIMITED,TER,Energy
TERRAGEN HOLDINGS LIMITED,TGH,Materials
TERRAIN MINERALS LIMITED,TMX,Materials
TERRAMIN AUSTRALIA LIMITED.,TZN,Materials
TESORO RESOURCES LIMITED,TSO,Materials
TESSERENT LIMITED,TNT,Software & Services
TEST SECURITY,TES,Class Pend
THE A2 MILK COMPANY LIMITED,A2M,"Food, Beverage & Tobacco"
THE AGENCY GROUP AUSTRALIA LTD,AU1,Real Estate
THE FOOD REVOLUTION GROUP LIMITED,FOD,"Food, Beverage & Tobacco"
THE GO2 PEOPLE LTD,GO2,Commercial & Professional Services
THE MARKET HERALD LIMITED,TMH,Media & Entertainment
THE REJECT SHOP LIMITED,TRS,Retailing
THE STAR ENTERTAINMENT GROUP LIMITED,SGR,Consumer Services
THETA GOLD MINES LIMITED,TGM,Materials
THINK CHILDCARE GROUP,TNK,Consumer Services
THOMSON RESOURCES LIMITED,TMZ,Materials
THOR MINING PLC,THR,Materials
THORN GROUP LIMITED,TGA,Retailing
THORNEY OPPORTUNITIES LTD,TOP,Not Applic
THORNEY TECHNOLOGIES LTD,TEK,Not Applic
THREAT PROTECT AUSTRALIA LIMITED,TPS,Commercial & Professional Services
TIAN AN AUSTRALIA LIMITED,TIA,Real Estate
TIAN POH RESOURCES LIMITED,TPO,Materials
TIETTO MINERALS LIMITED,TIE,Materials
TIGERS REALM COAL LIMITED,TIG,Materials
TILT RENEWABLES LIMITED.,TLT,Utilities
TIMAH RESOURCES LIMITED,TML,Utilities
TINYBEANS GROUP LTD,TNY,Media & Entertainment
TITAN MINERALS LIMITED,TTM,Materials
TITANIUM SANDS LIMITED,TSL,Materials
TITOMIC LIMITED,TTT,Materials
TLOU ENERGY LIMITED,TOU,Energy
TNG LIMITED,TNG,Materials
TNT MINES LIMITED,TIN,Materials
TODD RIVER RESOURCES LIMITED,TRT,Materials
TOMBADOR IRON LIMITED,TI1,Real Estate
TOMBOLA GOLD LTD,TBA,Materials
TOMIZONE LIMITED,TOM,Telecommunication Services
TOP SHELF INTERNATIONAL HOLDINGS LTD,TSI,"Food, Beverage & Tobacco"
TORIAN RESOURCES LIMITED,TNR,Materials
TORO ENERGY LIMITED,TOE,Energy
TORQUE METALS LIMITED..,TOR,Materials
TORRENS MINING LIMITED,TRN,Materials
TORRENS SERIES 2013-1 TRUST,TNB,Not Applic
TORRENS SERIES 2013-2 TRUST,TNF,Not Applic
TORRENS SERIES 2014-1 TRUST,TNH,Not Applic
TORRENS SERIES 2014-2 TRUST,TOZ,Not Applic
TORRENS SERIES 2015-1 TRUST,TNJ,Not Applic
TORRENS SERIES 2016-1 TRUST,TTZ,Not Applic
TOTAL BRAIN LIMITED,TTB,Health Care Equipment & Services
TOWER LIMITED,TWR,Insurance
TOYS'R'US ANZ LIMITED,TOY,Retailing
TPC CONSOLIDATED LIMITED,TPC,Utilities
TPG TELECOM LIMITED.,TPG,Telecommunication Services
TRAFFIC TECHNOLOGIES LTD.,TTI,Transportation
TRAJAN GROUP HOLDINGS LIMITED,TRJ,"Pharmaceuticals, Biotechnology & Life Sciences"
TRAKA RESOURCES LIMITED,TKL,Materials
TRANSCENDENCE TECHNOLOGIES LIMITED,TTL,Software & Services
TRANSMETRO CORPORATION LIMITED,TCO,Consumer Services
TRANSURBAN FINANCE COMPANY PTY LTD,TA1,Not Applic
TRANSURBAN GROUP,TCL,Transportation
TREASURY CORPORATION OF VICTORIA,XVG,Not Applic
TREASURY WINE ESTATES LIMITED,TWE,"Food, Beverage & Tobacco"
TREK METALS LIMITED,TKM,Materials
TRIANGLE ENERGY (GLOBAL) LIMITED,TEG,Energy
TRIBECA GLOBAL NATURAL RESOURCES LIMITED,TGF,Not Applic
TRIBUNE RESOURCES LIMITED,TBR,Materials
TRIGG MINING LTD.,TMG,Materials
TRIPLE ENERGY LIMITED,TNP,Energy
TRITON BOND TRUST 2020 IN RESPECT OF SERIES 1,TT4,Not Applic
TRITON MINERALS LTD,TON,Materials
TRITON TRUST NO. 8 IN RESPECT OF BOND SERIES 2018-1,TT9,Not Applic
TRITON TRUST NO. 8 IN RESPECT OF THE BOND SERIES 2019-2,TT1,Not Applic
TRITON TRUST NO.7 IN RESPECT OF THE BOND SERIES 2017-2,TT7,Not Applic
TRITON TRUST NO.8 IN RESPECT OF THE BOND SERIES 2019-3,TT3,Not Applic
TROY RESOURCES LIMITED,TRY,Materials
TRUSCOTT MINING CORPORATION LIMITED,TRM,Materials
TRUSCREEN GROUP LIMITED,TRU,Health Care Equipment & Services
TTA HOLDINGS LIMITED,TTA,Retailing
TUAS LIMITED,TUA,Telecommunication Services
TUBI LIMITED,2BE,Energy
TULLA RESOURCES PLC,TUL,Materials
TUNGSTEN MINING NL,TGN,Materials
TURNERS AUTOMOTIVE GROUP LIMITED,TRA,Retailing
TV2U INTERNATIONAL LIMITED,TV2,Software & Services
TWENTY SEVEN CO. LIMITED,TSC,Energy
TYMLEZ GROUP LIMITED,TYM,Software & Services
TYRANNA RESOURCES LIMITED,TYX,Materials
TYRO PAYMENTS LIMITED,TYR,Software & Services
TZ LIMITED,TZL,Technology Hardware & Equipment
UCW LIMITED,UCW,Consumer Services
ULTIMA UNITED LIMITED,UUL,Real Estate
UNIBAIL-RODAMCO-WESTFIELD,URW,Real Estate
UNITED MALT GROUP LIMITED,UMG,"Food, Beverage & Tobacco"
UNITED OVERSEAS AUSTRALIA LIMITED,UOS,Real Estate
UNITI GROUP LIMITED,UWL,Telecommunication Services
UNIVERSAL BIOSENSORS INC.,UBI,Health Care Equipment & Services
UNIVERSAL STORE HOLDINGS LIMITED,UNI,Retailing
URBANISE.COM LIMITED,UBN,Software & Services
US MASTERS RESIDENTIAL PROPERTY FUND,URF,Real Estate
USCOM LIMITED,UCM,Health Care Equipment & Services
UUV AQUABOTIX LTD,UUV,Capital Goods
VALMEC LIMITED,VMX,Energy
VALOR RESOURCES LIMITED,VAL,Materials
VANADIUM RESOURCES LIMITED,VR8,Materials
VANGO MINING LIMITED,VAN,Materials
VARISCAN MINES LIMITED,VAR,Materials
VDM GROUP LIMITED,VMG,Capital Goods
VECTION TECHNOLOGIES LTD,VR1,Software & Services
VECTUS BIOSYSTEMS LIMITED,VBS,"Pharmaceuticals, Biotechnology & Life Sciences"
VEEM LTD,VEE,Capital Goods
VENTURE MINERALS LIMITED,VMS,Materials
VENTUREX RESOURCES LIMITED,VXR,Materials
VENUS METALS CORPORATION LIMITED,VMC,Materials
VERBREC LIMITED,VBC,Capital Goods
VERIS LIMITED,VRS,Commercial & Professional Services
VERMILION BOND TRUST 2020 IN RESPECT OF SERIES 1,VT2,Not Applic
VERMILION TRUST NO.1 BOND SERIES 2019-1,VT1,Not Applic
VGI PARTNERS ASIAN INVESTMENTS LIMITED,VG8,Not Applic
VGI PARTNERS GLOBAL INVESTMENTS LIMITED,VG1,Not Applic
VGI PARTNERS LIMITED,VGI,Diversified Financials
VIAGOLD RARE EARTH RESOURCES HOLDINGS LIMITED,VIA,Materials
VICINITY CENTRES,VCX,Real Estate
VICINITY CENTRES TRUST,VCD,Not Applic
VICTOR GROUP HOLDINGS LIMITED,VIG,Software & Services
VICTORY GOLDFIELDS LIMITED,1VG,Materials
VICTORY MINES LIMITED,VIC,Materials
VICTORY OFFICES LIMITED,VOL,Real Estate
VIETNAM INDUSTRIAL INVESTMENTS LIMITED,VII,Materials
VIKING MINES LIMITED,VKA,Materials
VIMY RESOURCES LIMITED,VMY,Energy
VINTAGE ENERGY LTD,VEN,Energy
VIP GLOVES LTD,VIP,Health Care Equipment & Services
VIRGIN MONEY UK PLC,VUK,Banks
VIRTUS HEALTH LIMITED,VRT,Health Care Equipment & Services
"VISIONEERING TECHNOLOGIES, INC.",VTI,Health Care Equipment & Services
VISTA GROUP INTERNATIONAL LIMITED.,VGL,Software & Services
VITA GROUP LIMITED,VTG,Retailing
VITA LIFE SCIENCES LIMITED..,VLS,"Pharmaceuticals, Biotechnology & Life Sciences"
VITAL METALS LIMITED,VML,Materials
VIVA ENERGY GROUP LIMITED,VEA,Energy
VIVA LEISURE LIMITED,VVA,Consumer Services
VMOTO LIMITED,VMT,Automobiles & Components
VOCUS GROUP LIMITED,VOC,Telecommunication Services
VODAFONE GROUP PLC.,VPG,Not Applic
VOLPARA HEALTH TECHNOLOGIES LIMITED,VHT,Health Care Equipment & Services
VOLT POWER GROUP LIMITED,VPR,Utilities
VOLT RESOURCES LIMITED,VRC,Materials
VONEX LIMITED..,VN8,Telecommunication Services
VORTIV LIMITED,VOR,Software & Services
VRX SILICA LIMITED,VRX,Materials
VULCAN ENERGY RESOURCES LIMITED,VUL,Materials
VYSARN LIMITED,VYS,Materials
WA KAOLIN LIMITED,WAK,Materials
WAGNERS HOLDING COMPANY LIMITED,WGN,Materials
WALKABOUT RESOURCES LTD,WKT,Materials
WAM ACTIVE LIMITED,WAA,Not Applic
WAM ALTERNATIVE ASSETS LIMITED,WMA,Not Applic
WAM CAPITAL LIMITED,WAM,Not Applic
WAM GLOBAL LIMITED,WGB,Not Applic
WAM LEADERS LIMITED,WLE,Not Applic
WAM MICROCAP LIMITED,WMI,Not Applic
WAM RESEARCH LIMITED,WAX,Not Applic
WAM STRATEGIC VALUE LIMITED,WAR,Not Applic
WAMEJA LIMITED,WJA,Software & Services
WARREGO ENERGY LIMITED,WGO,Energy
WASHINGTON H SOUL PATTINSON & COMPANY LIMITED,SOL,Energy
WATERCO LIMITED,WAT,Consumer Durables & Apparel
WAYPOINT REIT,WPR,Real Estate
WCM GLOBAL GROWTH LIMITED,WQG,Not Applic
WEA FINANCE LLC,WEH,Not Applic
WEA FINANCE LLC AND WESTFIELD UK & EUROPE FINANCE PLC,WEF,Not Applic
WEBCENTRAL GROUP LIMITED.,WCG,Software & Services
WEBJET LIMITED,WEB,Retailing
WEEBIT NANO LTD,WBT,Technology Hardware & Equipment
WELLARD LIMITED,WLD,"Food, Beverage & Tobacco"
WELLFULLY LIMITED,WFL,"Pharmaceuticals, Biotechnology & Life Sciences"
WELLNESS AND BEAUTY SOLUTIONS LIMITED,WNB,Consumer Services
WELLNEX LIFE LIMITED,WNX,"Food, Beverage & Tobacco"
WESFARMERS LIMITED,WES,Retailing
WEST AFRICAN RESOURCES LIMITED,WAF,Materials
WEST WITS MINING LIMITED,WWI,Materials
WESTAR RESOURCES LIMITED,WSR,Materials
WESTERN AREAS LIMITED,WSA,Materials
WESTERN GOLD RESOURCES LIMITED.,WGR,Materials
WESTERN MINES GROUP LTD,WMG,Materials
WESTFIELD UK & EUROPE FINANCE PLC,WEN,Not Applic
WESTGOLD RESOURCES LIMITED.,WGX,Materials
WESTOZ INVESTMENT COMPANY LIMITED,WIC,Not Applic
WESTPAC BANKING CORPORATION,WBC,Banks
WESTSTAR INDUSTRIAL LIMITED,WSI,Materials
WHISPIR LIMITED,WSP,Software & Services
WHITE CLIFF MINERALS LIMITED,WCN,Materials
WHITE ENERGY COMPANY LIMITED,WEC,Energy
WHITE ROCK MINERALS LIMITED,WRM,Materials
WHITEBARK ENERGY LTD,WBE,Energy
WHITEFIELD LIMITED,WHF,Not Applic
WHITEHAVEN COAL LIMITED,WHC,Energy
WHITEHAWK LIMITED,WHK,Retailing
WIDE OPEN AGRICULTURE LTD,WOA,"Food, Beverage & Tobacco"
WILDCAT RESOURCES LIMITED,WC8,Materials
WILUNA MINING CORPORATION LIMITED.,WMC,Materials
WINCHESTER ENERGY LTD,WEL,Energy
WINGARA AG LTD,WNR,"Food, Beverage & Tobacco"
WISETECH GLOBAL LIMITED,WTC,Software & Services
WISEWAY GROUP LIMITED,WWG,Transportation
WISR LIMITED,WZR,Diversified Financials
WOOBOARD TECHNOLOGIES LIMITED,WOO,Software & Services
WOODSIDE PETROLEUM LTD,WPL,Energy
WOOLWORTHS GROUP LIMITED,WOW,Food & Staples Retailing
WOOMERA MINING LIMITED,WML,Materials
WOORI BANK,WB2,Not Applic
WORLEY LIMITED,WOR,Energy
WOTSO PROPERTY,WOT,Real Estate
WT FINANCIAL GROUP LIMITED,WTL,Diversified Financials
XANADU MINES LTD,XAM,Materials
XANTIPPE RESOURCES LIMITED,XTC,Materials
XERO LIMITED,XRO,Software & Services
XREF LIMITED,XF1,Software & Services
XRF SCIENTIFIC LIMITED,XRF,Capital Goods
XSTATE RESOURCES LIMITED,XST,Energy
XTEK LIMITED.,XTE,Capital Goods
YANCOAL AUSTRALIA LIMITED,YAL,Energy
YANDAL RESOURCES LIMITED,YRL,Materials
YELLOW BRICK ROAD HOLDINGS LIMITED,YBR,Banks
YOJEE LIMITED,YOJ,Software & Services
YOUFOODZ HOLDINGS LIMITED,YFZ,"Food, Beverage & Tobacco"
YOWIE GROUP LTD,YOW,"Food, Beverage & Tobacco"
YPB GROUP LTD,YPB,Commercial & Professional Services
Z ENERGY LIMITED.,ZEL,Energy
ZEBIT INC.,ZBT,Retailing
ZELIRA THERAPEUTICS LIMITED,ZLD,"Pharmaceuticals, Biotechnology & Life Sciences"
ZENITH MINERALS LIMITED,ZNC,Materials
ZEOTECH LIMITED,ZEO,Materials
ZETA RESOURCES LIMITED,ZER,Not Applic
ZEUS RESOURCES LIMITED,ZEU,Energy
ZICOM GROUP LIMITED,ZGL,Capital Goods
ZIMI LIMITED,ZMM,Technology Hardware & Equipment
ZIMPLATS HOLDINGS LIMITED,ZIM,Materials
ZINC OF IRELAND NL,ZMI,Materials
ZIP CO LIMITED.,Z1P,Diversified Financials
ZOONO GROUP LIMITED,ZNO,Materials
ZULEIKA GOLD LIMITED,ZAG,Materials
