Symbol,Name,Country,IPO Date,Exchange,Cleaned Symbol
SHOP,Shopify Inc,,2015,TSX,SHOP
RY,Royal Bank of Canada,,1997,TSX,RY
TD,The Toronto-Dominion Bank,,1995,TSX,TD
BAM.A,Brookfield Asset Management Inc,,1999,TSX,BAM.A
ENB,Enbridge Inc,,1995,TSX,ENB
BNS,The Bank of Nova Scotia,,1995,TSX,BNS
CNR,Canadian National Railway Company,,1996,TSX,CNR
BMO,Bank of Montreal,,1995,TSX,BMO
TRI,Thomson Reuters Corporation,,2008,TSX,TRI
CM,Canadian Imperial Bank of Commerce,,1999,TSX,CM
NGT,Newmont Goldcorp Corp,,2019,TSX,NGT
CP,Canadian Pacific Railway Limited,,2001,TSX,CP
TRP,TransCanada Corporation,,1995,TSX,TRP
BCE,BCE Inc,,1996,TSX,BCE
ATD-B,Alimentation Couche-Tard Inc,,1999,TSX,ATD.B
CNQ,Canadian Natural Resources Limited,,1995,TSX,CNQ
ABX,Barrick Gold Corporation,,1995,TSX,ABX
MFC,Manulife Financial Corporation,,1999,TSX,MFC
NTR,Nutrien Ltd,,2018,TSX,NTR
CSU,Constellation Software Inc,,2006,TSX,CSU
WCN,"Waste Connections, Inc",,2016,TSX,WCN
SU,Suncor Energy Inc,,1999,TSX,SU
T,TELUS Corporation,,1999,TSX,T
SLF,Sun Life Financial Inc,,2000,TSX,SLF
FNV,Franco-Nevada Corporation,,2007,TSX,FNV
GWO,Great-West Lifeco Inc,,1996,TSX,GWO
RCI-B,Rogers Communications Inc,,1999,TSX,RCI.B
MG,Magna International Inc,,2000,TSX,MG
NA,National Bank of Canada,,1999,TSX,NA
IFC,Intact Financial Corporation,,2009,TSX,IFC
GIB-A,CGI Group Inc,,1999,TSX,GIB.A
L,Loblaw Companies Limited,,1999,TSX,L
FTS,Fortis Inc,,1995,TSX,FTS
POW,Power Corporation of Canada,,1999,TSX,POW
WPM,Wheaton Precious Metals Corp,,2004,TSX,WPM
IMO,Imperial Oil Limited,,1995,TSX,IMO
QSR,Restaurant Brands International Inc,,2014,TSX,QSR
PWF,Power Financial Corporation,,1995,TSX,PWF
PPL,Pembina Pipeline Corporation,,1998,TSX,PPL
CVE,Cenovus Energy Inc,,2009,TSX,CVE
AEM,Agnico Eagle Mines Limited,,1995,TSX,AEM
WN,George Weston Limited,,1995,TSX,WN
H,Hydro One Limited,,2015,TSX,H
SJR-B,Shaw Communications Inc,,1999,TSX,SJR.B
DOL,Dollarama Inc,,2009,TSX,DOL
OTEX,Open Text Corporation,,1998,TSX,OTEX
WSP,WSP Global Inc,,2006,TSX,WSP
FM,First Quantum Minerals Ltd,,2000,TSX,FM
MRU,Metro Inc,,1997,TSX,MRU
SAP,Saputo Inc,,1997,TSX,SAP
EMA,Emera Incorporated,,1995,TSX,EMA
FFH,Fairfax Financial Holdings Limited,,1999,TSX,FFH
TECK-B,Teck Resources Limited,,1999,TSX,TECK.B
KL,Kirkland Lake Gold Ltd,,1999,TSX,KL
LSPD,Lightspeed Pos Inc,,2019,TSX,LSPD
GFL,GFL Environmental Inc. Subordinate voting shares,,1900,TSX,GFL
BEP-UN,Brookfield Renewable Partners LP,,2000,TSX,BEP.UN
BHC,Bausch Health Companies Inc,,1999,TSX,BHC
CCL-B,CCL Industries Inc,,1999,TSX,CCL.B
CTC-A,"Canadian Tire Corporation, Limited",,1999,TSX,CTC.A
AQN,Algonquin Power & Utilities Corp,,1997,TSX,AQN
TFII,TFI International Inc,,2002,TSX,TFII
TSGI,The Stars Group Inc,,2010,TSX,TSGI
EMP-A,Empire Company Limited,,1999,TSX,EMP.A
CAR-UN,Canadian Apartment Properties Real,,1998,TSX,CAR.UN
IGM,IGM Financial Inc,,1995,TSX,IGM
CAE,CAE Inc,,1995,TSX,CAE
TOU,Tourmaline Oil Corp,,2010,TSX,TOU
FSV,FirstService Corporation,,2015,TSX,FSV
IVN,Ivanhoe Mines Ltd,,2012,TSX,IVN
K,Kinross Gold Corporation,,1999,TSX,K
WEED,Canopy Growth Corporation,,1996,TSX,WEED
NPI,Northland Power Inc,,1998,TSX,NPI
CU,Canadian Utilities Limited,,1997,TSX,CU
IPL,Inter Pipeline Ltd,,2002,TSX,IPL
OVV,Ovintiv Inc,,2001,TSX,OVV
TIH,Toromont Industries Ltd,,1996,TSX,TIH
CCO,CAMECO CORP,,1995,TSX,CCO
GIL,Gildan Activewear Inc,,1998,TSX,GIL
QBR-B,Quebecor Inc,,1999,TSX,QBR.B
RBA,Ritchie Bros. Auctioneers Incorporated,,2004,TSX,RBA
DOO,BRP Inc,,2013,TSX,DOO
AC,Air Canada,,2006,TSX,AC
LUN,Lundin Mining Corporation,,1996,TSX,LUN
ONEX,Onex Corporation,,1995,TSX,ONEX
X,TMX Group Limited,,2003,TSX,X
DSG,The Descartes Systems Group Inc,,1998,TSX,DSG
EDV,Endeavour Mining Corporation,,2018,TSX,EDV
REI-UN,Riocan Real Estate Investment Trus,,1999,TSX,REI.UN
ALA,AltaGas Ltd,,2004,TSX,ALA
KEY,Keyera Corp,,2003,TSX,KEY
PAAS,Pan American Silver Corp,,1996,TSX,PAAS
BB,BlackBerry Limited,,2018,TSX,BB
ARX,ARC Resources Ltd,,1997,TSX,ARX
IAG,iA Financial Corporation Inc,,2000,TSX,IAG
HSE,Husky Energy Inc,,1995,TSX,HSE
STN,Stantec Inc,,1996,TSX,STN
APHA,APHRIA INC,,2011,TSX,APHA
CIGI,Colliers International Group Inc,,1999,TSX,CIGI
EFN,Element Fleet Management Corp,,2011,TSX,EFN
AP-UN,Allied Properties Real Estate Inve,,2003,TSX,AP.UN
PKI,Parkland Fuel Corporation,,1996,TSX,PKI
RNW,TransAlta Renewables Inc,,2013,TSX,RNW
CCA,Cogeco Communications Inc,,2004,TSX,CCA
WFT,West Fraser Timber Co. Ltd,,1995,TSX,WFT
BLDP,Ballard Power Systems Inc,,1996,TSX,BLDP
GRT-UN,Granite Real Estate Investment Trust Stapled Unit,,2006,TSX,GRT.UN
GOOS,Canada Goose Holdings Inc,,2017,TSX,GOOS
PBH,Premium Brands Holdings Corporation,,2018,TSX,PBH
BTO,B2Gold Corp,,2007,TSX,BTO
SNC,SNC-Lavalin Group Inc,,1997,TSX,SNC
SRU-UN,Smart Real Estate Investment Trust,,2000,TSX,SRU.UN
FTT,Finning International Inc,,1995,TSX,FTT
YRI,Yamana Gold Inc,,1996,TSX,YRI
BYD,Boyd Group Income Inc,,1999,TSX,BYD
HR-UN,Handr Real Estate Investment Trust,,1999,TSX,HR.UN
CHP-UN,CHOICE PROPERTIES REAL ESTATE INVE,,2013,TSX,CHP.UN
TOY,Spin Master Corp,,2015,TSX,TOY
LNR,Linamar Corporation,,1995,TSX,LNR
CPX,Capital Power Corporation,,2009,TSX,CPX
OSB,Norbord Inc,,1995,TSX,OSB
FCR,First Capital Realty Inc,,2001,TSX,FCR
CIX,CI Financial Corp,,1996,TSX,CIX
SSRM,SSR Mining Inc,,1996,TSX,SSRM
KXS,Kinaxis Inc,,2014,TSX,KXS
DGC,Detour Gold Corporation,,2007,TSX,DGC
BIPC,Brookfield Infrastructure Corp Cla,,2020,TSX,BIPC
FR,First Majestic Silver Corp,,1996,TSX,FR
CRT-UN,CT REIT UNITS TRUST,,2013,TSX,CRT.UN
AGI,Alamos Gold Inc,,2004,TSX,AGI
BLX,Boralex Inc,,1996,TSX,BLX
ATZ,Aritzia Inc,,2016,TSX,ATZ
INE,Innergex Renewable Energy Inc,,2007,TSX,INE
MIC,Genworth MI Canada Inc,,2009,TSX,MIC
BBD-B,Bombardier Inc,,1999,TSX,BBD.B
WJA,WestJet Airlines Ltd,,1999,TSX,WJA
BBD-A,Bombardier Inc,,1900,TSX,BBD.A
UFS,Domtar Corporation,,1900,TSX,UFS
ELF,E-L Financial Corporation Limited,,1995,TSX,ELF
CRON,Cronos Group Inc.,,1900,TSX,CRON
DIR-UN,DREAM INDUSTRIAL REAL ESTATE INVES,,2012,TSX,DIR.UN
GEI,Gibson Energy Inc,,2011,TSX,GEI
WCP,Whitecap Resources Inc,,2003,TSX,WCP
PRMW,Primo Water Corp,,1986,TSX,PRMW
TA,TransAlta Corporation,,1999,TSX,TA
NG,NovaGold Resources Inc,,1999,TSX,NG
TRQ,Turquoise Hill Resources Ltd,,1996,TSX,TRQ
ATA,ATS Automation Tooling Systems Inc,,1996,TSX,ATA
STLC,Stelco Holdings Inc,,2017,TSX,STLC
MFI,Maple Leaf Foods Inc,,1996,TSX,MFI
SMU-UN,SUMMIT INDUSTRIAL INCOME REIT UNIT,,2013,TSX,SMU.UN
ENGH,Enghouse Systems Limited,,1999,TSX,ENGH
TCN,Tricon Capital Group Inc,,2010,TSX,TCN
CRR-UN,Crombie Real Estate Investment Tru,,2006,TSX,CRR.UN
CJT,Cargojet Inc,,2005,TSX,CJT
MX,Methanex Corporation,,1999,TSX,MX
PSK,PrairieSky Royalty Ltd,,2014,TSX,PSK
LIF,Labrador Iron Ore Royalty Corporation,,1997,TSX,LIF
CFP,CANFOR CORP,,1995,TSX,CFP
FN,First National Financial Corporation,,2006,TSX,FN
CWB,Canadian Western Bank,,1995,TSX,CWB
VII,Seven Generations Energy Ltd,,2014,TSX,VII
MAXR,Maxar Technologies Inc,,2000,TSX,MAXR
NWH-UN,NORTHWEST HEALTHCARE PROPERTIES UN,,2010,TSX,NWH.UN
CSH-UN,CHARTWELL RETIREMENT RESIDENCES RE,,2003,TSX,CSH.UN
OR,Osisko Gold Royalties Ltd,,2014,TSX,OR
ASR,Alacer Gold Corp,,2002,TSX,ASR
SJ,Stella-Jones Inc,,1999,TSX,SJ
CG,Centerra Gold Inc,,2004,TSX,CG
SPB,Superior Plus Corp,,1997,TSX,SPB
BCB,Cott Corporation,,1995,TSX,BCB
GC,Great Canadian Gaming Corporation,,1999,TSX,GC
NVU-UN,Northview Apartment Real Estate In,,2002,TSX,NVU.UN
IIP-UN,INTERRENT REAL ESTATE INVESTMENT T,,2001,TSX,IIP.UN
GSY,goeasy Ltd,,2018,TSX,GSY
PXT,Parex Resources Inc,,2009,TSX,PXT
WPK,Winpak Ltd,,2001,TSX,WPK
EQX,Equinox Gold Corp.,,1900,TSX,EQX
LUG,Lundin Gold Inc,,1999,TSX,LUG
CPG,Crescent Point Energy Corp,,2003,TSX,CPG
AIF,Altus Group Limited,,2005,TSX,AIF
ECN,ECN Capital Corp,,2016,TSX,ECN
BEI-UN,Boardwalk Real Estate Investment T,,1999,TSX,BEI.UN
RCH,Richelieu Hardware Ltd,,1996,TSX,RCH
MEG,MEG Energy Corp,,2010,TSX,MEG
EQB,Equitable Group Inc,,2004,TSX,EQB
KMP-UN,Killam Apartment Reit Units,,2003,TSX,KMP.UN
MAG,MAG Silver Corp,,2003,TSX,MAG
MSI,Morneau Shepell Inc,,2005,TSX,MSI
PVG,Pretium Resources Inc,,2010,TSX,PVG
NXE,NexGen Energy Ltd,,2012,TSX,NXE
ERO,Ero Copper Corp,,2017,TSX,ERO
ELD,Eldorado Gold Corporation,,1996,TSX,ELD
POU,Paramount Resources Ltd,,1995,TSX,POU
TCL-A,Transcontinental Inc,,1999,TSX,TCL.A
TGZ,Teranga Gold Corporation,,2010,TSX,TGZ
RUS,Russel Metals Inc,,1996,TSX,RUS
HBM,Hudbay Minerals Inc,,2004,TSX,HBM
CUF-UN,Cominar Real Estate Investment Tru,,1999,TSX,CUF.UN
LAC,Lithium Americas Corp,,2008,TSX,LAC
ERF,Enerplus Corporation,,2001,TSX,ERF
CS,Capstone Mining Corp,,1999,TSX,CS
NFI,NFI Group Inc,,2011,TSX,NFI
SSL,Sandstorm Gold Ltd,,2008,TSX,SSL
AUP,Aurinia Pharmaceuticals Inc,,2000,TSX,AUP
HCG,Home Capital Group Inc,,2004,TSX,HCG
LB,Laurentian Bank of Canada,,1995,TSX,LB
FVI,Fortuna Silver Mines Inc,,2005,TSX,FVI
ACB,Aurora Cannabis Inc,,2014,TSX,ACB
NWC,The North West Company Inc,,1997,TSX,NWC
KML,Kinder Morgan Canada Limited,,2017,TSX,KML
WDO,Wesdome Gold Mines Ltd,,1989,TSX,WDO
IMG,IAMGOLD Corporation,,1996,TSX,IMG
MTY,MTY Food Group Inc,,1996,TSX,MTY
MRC,Morguard Corporation,,1995,TSX,MRC
SEA,Seabridge Gold Inc,,1996,TSX,SEA
OGC,OceanaGold Corporation,,2007,TSX,OGC
SMF,SEMAFO Inc,,1997,TSX,SMF
IFP,Interfor Corporation,,2006,TSX,IFP
CAS,Cascades Inc,,1995,TSX,CAS
ITP,Intertape Polymer Group Inc,,1996,TSX,ITP
HBC,Hudson's Bay Company,,2012,TSX,HBC
AND,Andlauer Healthcare Group Inc,,2019,TSX,AND
CGO,Cogeco Inc,,1995,TSX,CGO
AX-UN,Artis Real Estate Investment Trust,,2004,TSX,AX.UN
EIF,Exchange Income Corporation,,2009,TSX,EIF
SOY,SunOpta Inc,,2001,TSX,SOY
BAD,Badger Daylighting Ltd,,2004,TSX,BAD
NGD,New Gold Inc,,1996,TSX,NGD
JWEL,Jamieson Wellness Inc,,2017,TSX,JWEL
SIL,Silvercrest Metals Inc,,1999,TSX,SIL
VET,Vermilion Energy Inc,,1996,TSX,VET
NEXA,Nexa Resources S.A,,2017,TSX,NEXA
DPM,Dundee Precious Metals Inc,,1995,TSX,DPM
REAL,Real Matters Inc,,2017,TSX,REAL
ECA,Encana Corporation,,2001,TSX,ECA
SES,Secure Energy Services Inc,,2010,TSX,SES
BIR,Birchcliff Energy Ltd,,2005,TSX,BIR
CGG,China Gold International Resources Corp. Ltd,,2003,TSX,CGG
SIS,Savaria Corporation,,2003,TSX,SIS
CJR-B,Corus Entertainment Inc,,1999,TSX,CJR.B
CF,Canaccord Genuity Group Inc,,2006,TSX,CF
CLS,Celestica Inc,,1998,TSX,CLS
MTL,Mullen Group Ltd,,1997,TSX,MTL
CNL,CONTINENTAL GOLD INC,,2010,TSX,CNL
ACQ,AutoCanada Inc,,2006,TSX,ACQ
SII,Sprott Inc,,2008,TSX,SII
RFP,Resolute Forest Products Inc,,1900,TSX,RFP
TXG,Torex Gold Resources Inc,,2010,TSX,TXG
D-UN,Dream Office Real Estate Units Tru,,1999,TSX,D.UN
DRM,Dream Unlimited Corp,,2013,TSX,DRM
OSK,Osisko Mining Inc,,2012,TSX,OSK
PEY,Peyto Exploration & Development Corp,,2003,TSX,PEY
LGO,Largo Resources Ltd,,2003,TSX,LGO
SIA,Sienna Senior Living Inc,,2010,TSX,SIA
FSZ,Fiera Capital Corporation,,2003,TSX,FSZ
BTE,Baytex Energy Corp,,2003,TSX,BTE
VGCX,Victoria Gold Corp,,1984,TSX,VGCX
SVM,Silvercorp Metals Inc,,1996,TSX,SVM
ET,Evertz Technologies Limited,,2001,TSX,ET
FRU,Freehold Royalties Ltd,,1997,TSX,FRU
ARE,Aecon Group Inc,,1996,TSX,ARE
WTE,Westshore Terminals Investment Corporation,,1998,TSX,WTE
EDR,Endeavour Silver Corp,,2018,TSX,EDR
ACI,Altagas Canada Inc,,2018,TSX,ACI
ZZZ,Sleep Country Canada Holdings Inc,,2015,TSX,ZZZ
PLC,Park Lawn Corporation,,2006,TSX,PLC
TRIL,Trillium Therapeutics Inc.,,1900,TSX,TRIL
VFF,Village Farms International,,2003,TSX,VFF
DML,Denison Mines Corp,,1997,TSX,DML
MRE,Martinrea International Inc,,1998,TSX,MRE
AR,Argonaut Gold Inc,,2010,TSX,AR
OGI,Organigram Holdings Inc,,2012,TSX,OGI
MEQ,Mainstreet Equity Corp,,2018,TSX,MEQ
MMX,Maverix Metals Inc.,,1900,TSX,MMX
IPCO,International Petroleum Corporation,,2017,TSX,IPCO
MI-UN,Minto Apartment Real Estate Invest,,2018,TSX,MI.UN
WPRT,Westport Fuel Systems Inc,,1999,TSX,WPRT
TVE,Tamarack Valley Energy Ltd,,2002,TSX,TVE
EFR,Energy Fuels,,1900,TSX,EFR
CGX,Cineplex Inc,,2003,TSX,CGX
HEXO,HEXO Corp.,,1900,TSX,HEXO
SW,"Sierra Wireless, Inc",,1999,TSX,SW
NVA,NuVista Energy Ltd,,2003,TSX,NVA
AAV,Advantage Oil & Gas Ltd,,2009,TSX,AAV
U,Uranium Participation Corporation,,2006,TSX,U
GGD,GoGold Resources Inc,,2010,TSX,GGD
EXE,Extendicare Inc,,2006,TSX,EXE
LMC,Leagold Mining Corp,,1996,TSX,LMC
EGLX,Enthusiast Gaming Holdings Inc,,1900,TSX,EGLX
WEF,Western Forest Products Inc,,2004,TSX,WEF
TOG,TORC Oil & Gas Ltd,,2001,TSX,TOG
ROXG,Roxgold Inc.,,1900,TSX,ROXG
HUT,Hut 8 Mining Corp.,,1900,TSX,HUT
PG,Premier Gold Mines Limited,,2006,TSX,PG
MRG-UN,MORGUARD NORTH AMERICAN RESIDENTIA,,2013,TSX,MRG.UN
CHR,Chorus Aviation Inc,,2011,TSX,CHR
EFX,Enerflex Ltd,,2011,TSX,EFX
FEC,Frontera Energy Corporation,,2015,TSX,FEC
ALS,Altius Minerals Corporation,,1997,TSX,ALS
TNT-UN,True North Commercial Real Estate,,2012,TSX,TNT.UN
PSI,Pason Systems Inc,,1997,TSX,PSI
ABT,Absolute Software Corporation,,2000,TSX,ABT
MDI,Major Drilling Group International Inc,,1996,TSX,MDI
GUD,Knight Therapeutics Inc,,2014,TSX,GUD
HRX,HÃ©roux-Devtek Inc,,1996,TSX,HRX
AFN,Ag Growth International Inc,,2009,TSX,AFN
TCW,Trican Well Service Ltd,,1997,TSX,TCW
III,Imperial Metals Corporation,,2002,TSX,III
UNS,Uni-Select Inc,,1996,TSX,UNS
MAL,Magellan Aerospace Corporation,,1996,TSX,MAL
AT,AcuityAds Holdings Inc,,1900,TSX,AT
NEO,Neo Performance Materials Inc,,2017,TSX,NEO
RSI,Rogers Sugar Inc,,1998,TSX,RSI
SBB,Sabina Gold & Silver Corp,,1996,TSX,SBB
SMT,Sierra Metals Inc,,1996,TSX,SMT
CXB,Calibre Mining Corp.,,1900,TSX,CXB
TKO,Taseko Mines Limited,,1996,TSX,TKO
CNE,Canacol Energy Ltd,,1996,TSX,CNE
CWEB,Charlottes Web Hldgs Inc,,2019,TSX,CWEB
AW-UN,A&W Revenue Fd Uts,,2002,TSX,AW.UN
LMNL,Liminal BioSciences Inc.,,1900,TSX,LMNL
KEL,Kelt Exploration Ltd,,2013,TSX,KEL
CLR,Clearwater Seafoods Incorporated,,2002,TSX,CLR
AGF-B,AGF Management Limited,,1999,TSX,AGF.B
PD,Precision Drilling Corporation,,2006,TSX,PD
CSW-A,Corby Spirit And Wine Ltd Voting C,,1980,TSX,CSW.A
MOGO,Mogo Finance Technology Inc.,,1900,TSX,MOGO
DRT,DIRTT Environmental Solutions Ltd,,2013,TSX,DRT
DII-B,DOREL INDUSTRIES SUBORDINATE VOTIN,,1991,TSX,DII.B
KBL,K-Bro Linen Inc,,2005,TSX,KBL
FC,Firm Capital Mortgage Investment Corporation,,2003,TSX,FC
MKP,MCAN Mortgage Corporation,,1996,TSX,MKP
CFX,Canfor Pulp Products Inc,,2006,TSX,CFX
WJX,Wajax Corporation,,2005,TSX,WJX
PLZ-UN,PLAZA RETAIL REIT UNITS,,1999,TSX,PLZ.UN
GCM,Gran Colombia Gold Corp,,1983,TSX,GCM
HLF,High Liner Foods Incorporated,,1999,TSX,HLF
AOT,Ascot Resources Ltd.,,1900,TSX,AOT
MRD,Melcor Developments Ltd,,1996,TSX,MRD
AIM,Aimia Inc,,2005,TSX,AIM
AD,Alaris Royalty Corp,,2009,TSX,AD
BDT,Bird Construction Inc,,2006,TSX,BDT
ATH,Athabasca Oil Corporation,,2010,TSX,ATH
EXF,Exfo Inc,,1900,TSX,EXF
XTC,Exco Technologies Limited,,1996,TSX,XTC
POM,PolyMet Mining,,1900,TSX,POM
MRT-UN,MORGUARD REAL ESTATE INVESTMENT TR,,2000,TSX,MRT.UN
CJ,Cardinal Energy Ltd,,2013,TSX,CJ
WM,Wallbridge Mining Company Ltd,,2000,TSX,WM
CEU,CES Energy Solutions Corp,,2006,TSX,CEU
PRN,Profound Medical Corp.,,1900,TSX,PRN
TH,Theratechnologies Inc,,1999,TSX,TH
GLO,Global Atomic Corporation,,1900,TSX,GLO
AXU,Alexco Resource Corp,,1900,TSX,AXU
CMG,Computer Modelling Group Ltd,,1997,TSX,CMG
HNL,Horizon North Logistics Inc,,2006,TSX,HNL
CRH,CRH Medical Corporation,,2003,TSX,CRH
SOT-UN,SLATE OFFICE REAL ESTATE INVESTMEN,,2006,TSX,SOT.UN
SCL,Shawcor Ltd,,2004,TSX,SCL
AKG,Asanko Gold Inc,,2005,TSX,AKG
PZA,Pizza Pizza Royalty Corp,,2005,TSX,PZA
AUG,Auryn Resources Inc.,,1900,TSX,AUG
FAF,Fire & Flower Holdings Corp.,,1900,TSX,FAF
GSC,Golden Star Resources Ltd,,1995,TSX,GSC
VMD,Viemed Healthcare Inc,,2017,TSX,VMD
LUC,Lucara Diamond Corp,,2018,TSX,LUC
BU,Burcon NutraScience Corporation,,1900,TSX,BU
ATP,Atlantic Power Corporation,,2004,TSX,ATP
GUY,Guyana Goldfields Inc,,2004,TSX,GUY
WRN,Western Copper And Gold Corporation,,1900,TSX,WRN
ALYA,Alithya Group Inc. - Class A,,1900,TSX,ALYA
CR,Crew Energy Inc,,2003,TSX,CR
BPF-UN,Boston Pizza TU,,2002,TSX,BPF.UN
TMR,Tmac Resources Inc,,2015,TSX,TMR
GTE,Gran Tierra Energy Inc,,2008,TSX,GTE
ESI,Ensign Energy Services Inc,,1996,TSX,ESI
OBE,Obsidian Energy Ltd,,1999,TSX,OBE
FF,First Mining Gold Corp.,,1900,TSX,FF
RIV,Canopy Rivers,,1900,TSX,RIV
QTRH,Quarterhill Inc,,1900,TSX,QTRH
BLU,BELLUS Health Inc.,,1900,TSX,BLU
CAL,Caledonia Mining Corporation Plc,,1900,TSX,CAL
MND,Mandalay Resources Corporation,,2006,TSX,MND
GPR,Great Panther Silver Limited,,2003,TSX,GPR
NDM,Northern Dynasty Minerals Ltd,,1996,TSX,NDM
FIRE,Supreme Cannabis Company,,1900,TSX,FIRE
CLIQ,Alcanna Rg,,2004,TSX,CLIQ
JE,Just Energy Group Inc,,2001,TSX,JE
OPS,Opsens Inc.,,1900,TSX,OPS
USA,Americas Silver Corporation,,2006,TSX,USA
DR,Medical Facilities Corporation,,2006,TSX,DR
TRZ,Transat A.T. Inc,,2009,TSX,TRZ
TMD,Titan Medical Inc.,,1900,TSX,TMD
ARG,Amerigo Resources Ltd,,1900,TSX,ARG
TV,Trevali Mining Corporation,,2010,TSX,TV
SGY,Surge Energy Inc,,1998,TSX,SGY
MDNA,Medicenna Therapeutics Corp.,,1900,TSX,MDNA
ALEF,Aleafia Health Inc.,,1900,TSX,ALEF
S,Sherritt International Corporation,,1999,TSX,S
TOT,Total Energy Services Inc,,2009,TSX,TOT
GH,Gamehost Inc,,2006,TSX,GH
BNE,Bonterra Energy Corp,,2008,TSX,BNE
TGOD,Green Org Dutchm Rg,,2018,TSX,TGOD
TLG,Troilus Gold Corp.,,1900,TSX,TLG
NEPT,Neptune Wellness Solutions Inc,,1900,TSX,NEPT
RMX,Rubicon Minerals Corporation,,1900,TSX,RMX
ONC,Oncolytics Biotech Inc.,,1900,TSX,ONC
MYA,Maya Gold And Silver Inc,,2008,TSX,MYA
TGL,Transglobe Energy Corporation,,1900,TSX,TGL
BAR,Balmoral Resources Ltd.,,1900,TSX,BAR
RME,Rocky Mountain Dealerships Inc.,,1900,TSX,RME
CFW,Calfrac Well Services Ltd,,1996,TSX,CFW
ANX,Anaconda Mining Inc.,,1900,TSX,ANX
EFL,Electrovaya Inc.,,1900,TSX,EFL
NMX,Nemaska Lithium Inc,,2010,TSX,NMX
TRST,CannTrust Hldgs Rg,,2017,TSX,TRST
CRDL,Cardiol Therapeutics Inc. Class A,,1900,TSX,CRDL
LABS,Medipharm Labs Corp,,2019,TSX,LABS
STEP,STEP Energy Services Ltd,,2017,TSX,STEP
PONY,Painted Pony Energy Ltd,,2017,TSX,PONY
AEZS,Aeterna Zentaris Inc.,,1900,TSX,AEZS
TML,Treasury Metals Inc.,,1900,TSX,TML
PSD,Pulse Seismic Inc.,,1900,TSX,PSD
MPVD,Mountain Province Diamonds Inc,,1999,TSX,MPVD
NHK,Nighthawk Gold Corp.,,1900,TSX,NHK
ER,Eastmain Resources Inc.,,1900,TSX,ER
IPO,InPlay Oil Corp,,1900,TSX,IPO
EXN,Excellon Resources Inc,,1996,TSX,EXN
AMM,Almaden Minerals Ltd.,,1900,TSX,AMM
PAT,Patriot One Technologies Inc.,,1900,TSX,PAT
GMX,Globex Mining Enterprises Inc.,,1900,TSX,GMX
MBA,CIBT Education Group Inc,,1900,TSX,MBA
ELEF,Silver Elephant Mining Corp,,1900,TSX,ELEF
FT,Fortune Minerals Limited,,1900,TSX,FT
HSM,Helius Medical Technologies Inc. Class A,,1900,TSX,HSM
VIVO,VIVO Cannabis Inc.,,1900,TSX,VIVO
AVCN,Avicanna Inc,,1900,TSX,AVCN
DN,Delta 9 Cannabis Inc.,,1900,TSX,DN
KLS,Kelso Technologies Inc Ordinary Shares,,1900,TSX,KLS
AVL,Avalon Advanced Materials Inc.,,1900,TSX,AVL
CORV,Correvio Pharma Corp.,,2000,TSX,CORV
IN,InMed Pharmaceuticals Inc.,,1900,TSX,IN
PRQ,Petrus Resources Ltd.,,1900,TSX,PRQ
MSV,Minco Silver Corporation,,2005,TSX,MSV
CGT,Columbus Gold Corporation,,1900,TSX,CGT
ASND,Ascendant Resources Inc.,,1900,TSX,ASND
BNP,Bonavista Energy Corporation,,2003,TSX,BNP
BKX,BNK Petroleum Inc.,,1900,TSX,BKX
TAO,TAG Oil Ltd,,1900,TSX,TAO
NRI,Nuvo Pharmaceuticals Inc.,,1900,TSX,NRI
GSV,Gold Standard Ventures Corporation,,1900,TSX,GSV
IMV,IMV Inc.,,1900,TSX,IMV
JOY,Journey Energy Inc.,,1900,TSX,JOY
NOA,North American Construction Group Ltd.,,1900,TSX,NOA
PTM,Platinum Group Metals Ltd.,,1900,TSX,PTM
1832421D,Topicus Inc,,2021,TSX,1832421D
ACO.X,ATCO LTD CLASS I,,2021,TSX,ACO.X
AD.UN,Alaris Equity Partners Income Unit,,2021,TSX,AD.UN
AKU,Akumin Inc.,,1900,TSX,AKU
ALL,Almonty Industries Inc.,,1900,TSX,ALL
APR.UN,Automotive Properties Real Estate,,2021,TSX,APR.UN
ASM,Avino Silver & Gold Mines Ltd.,,1900,TSX,ASM
BAMR,Brookfield Asset Management Reinsu,,2021,TSX,BAMR
BDGI,Badger Infrastructure Solutions Lt,,1997,TSX,BDGI
BEPC,Brookfield Renewable Subordinate V,,2020,TSX,BEPC
BIP.UN,Brookfield Infrastructure Partners,,2021,TSX,BIP.UN
BOS,Airboss Of America Corp,,1992,TSX,BOS
BPY.UN,Brookfield Property Partners LP,,2021,TSX,BPY.UN
CTS,Converge Technology Solutions Corp.,,1900,TSX,CTS
DCBO,Docebo Inc,,2019,TSX,DCBO
DND,Dye And Durham Ltd,,2020,TSX,DND
FCR.UN,First Capital Realty Real Estate I,,2021,TSX,FCR.UN
FCU,Fission Uranium Corp,,2013,TSX,FCU
FGE,Fortress Global Enterprises Inc. Class A,,1900,TSX,FGE
FURY,Fury Gold Mines Limited,,1900,TSX,FURY
GDI,Gdi Integrated Facility Services S,,2001,TSX,GDI
GIB.A,Cgi Inc,,2021,TSX,GIB.A
GLXY,Galaxy Digital Holdings Ltd,,1900,TSX,GLXY
GOLD,GoldMining Inc.,,1900,TSX,GOLD
GTMS,Greenbrook TMS Inc.,,1900,TSX,GTMS
HR.UN,Handr Real Estate Investment Trust,,2021,TSX,HR.UN
IAU,I Gold Corp,,2021,TSX,IAU
ITH,International Tower Hill Mines Ltd,,1900,TSX,ITH
KNT,K92 Mining Inc,,2011,TSX,KNT
KOR,Corvus Gold Inc.,,1900,TSX,KOR
KRR,Karora Resources Inc.,,1900,TSX,KRR
LAS.A,Lassonde Industries Sub Voting Inc,,2021,TSX,LAS.A
LWRK,Lifeworks Inc,,2021,TSX,LWRK
NEXT,"NextSource Materials, Inc.",,1900,TSX,NEXT
NSR,Nomad Royalty Company Ltd.,,1900,TSX,NSR
NUAG,New Pacific Metals Corp,,2000,TSX,NUAG
NVEI,Nuvei Subordinate Voting Corp,,2020,TSX,NVEI
NVO,Novo Resources Corp,,2021,TSX,NVO
OLA,Orla Mining Ltd,,2007,TSX,OLA
OM,Osisko Metals Incorporated,,1900,TSX,OM
OTC,Open Text Corp,,2021,TSX,OTC
PPB,Flutter Entertainment Plc,,2021,TSX,PPB
PPTA,Perpetua Resources Corp.,,1900,TSX,PPTA
PSN,POSEIDON CONCEPTS CORP,,2021,TSX,PSN
PYR,PyroGenesis Canada Inc.,,1900,TSX,PYR
SCR,Score Media and Gaming Inc.,,1900,TSX,SCR
SGR.UN,Slate Grocery Reit Units Class U,,2021,TSX,SGR.UN
SLS,Solaris Resources Inc.,,1900,TSX,SLS
SRT-UN,SLATE RETAIL REIT UNITS CLASS U,,2014,TSX,SRT.UN
TIXT,TELUS International Inc.,,1900,TSX,TIXT
TRUL,Trulieve Cannabis Corp.,,1900,TSX,TRUL
TSU,Trisura Group Ltd,,2017,TSX,TSU
UCU,Ucore Rare Metals Inc.,,1900,TSX,UCU
UEX,UEX Corporation,,2002,TSX,UEX
VLNS,The Valens Company Inc,,2007,TSX,VLNS
WELL,Well Health Technologies Corp,,2012,TSX,WELL
WIR.UN,Wpt Industrial Real Estate Investm,,2021,TSX,WIR.UN
WIRU,Wpt Industrial Real Estate Investm,,2021,TSX,WIRU
WLLW,"Willow Biosciences, Inc.",,1900,TSX,WLLW
